arm,seed,model,year,auc,baseline,delta
full,0,LogReg,2019,0.7216202603745026,0.7382989505599692,-0.016678690185466638
full,0,LogReg,2020,0.7245012577854905,0.7382989505599692,-0.013797692774478731
full,0,LogReg,2021,0.616079933582883,0.7382989505599692,-0.12221901697708615
full,0,LogReg,2022,0.6527130681818181,0.7382989505599692,-0.08558588237815112
full,0,LogReg,2023,0.7074516584203294,0.7382989505599692,-0.03084729213963977
full,0,RF,2019,0.7276641975829524,0.7424023278334186,-0.01473813025046622
full,0,RF,2020,0.731614135625597,0.7424023278334186,-0.010788192207821679
full,0,RF,2021,0.6491952750629943,0.7424023278334186,-0.09320705277042429
full,0,RF,2022,0.6840269886363637,0.7424023278334186,-0.058375339197054954
full,0,RF,2023,0.7000023648551,0.7424023278334186,-0.042399962978318606
full,0,GBM,2019,0.7308628432347195,0.7466500657863339,-0.015787222551614355
full,0,GBM,2020,0.7190631852240473,0.7466500657863339,-0.02758688056228653
full,0,GBM,2021,0.638623883944827,0.7466500657863339,-0.10802618184150681
full,0,GBM,2022,0.6717223011363636,0.7466500657863339,-0.07492776464997031
full,0,GBM,2023,0.7100254090542418,0.7466500657863339,-0.03662465673209203
full,1,LogReg,2019,0.7225012261958075,0.7284192580091395,-0.005918031813332059
full,1,LogReg,2020,0.7508622911349057,0.7284192580091395,0.02244303312576612
full,1,LogReg,2021,0.6380328135814028,0.7284192580091395,-0.09038644442773669
full,1,LogReg,2022,0.6753165159447883,0.7284192580091395,-0.05310274206435128
full,1,LogReg,2023,0.7154466499636722,0.7284192580091395,-0.012972608045467293
full,1,RF,2019,0.7353736165312519,0.7293646900133863,0.006008926517865554
full,1,RF,2020,0.7481756849786589,0.7293646900133863,0.01881099496527261
full,1,RF,2021,0.6479664536090869,0.7293646900133863,-0.08139823640429944
full,1,RF,2022,0.6787720133269871,0.7293646900133863,-0.05059267668639922
full,1,RF,2023,0.7084293238389997,0.7293646900133863,-0.020935366174386627
full,1,GBM,2019,0.7451032136992729,0.7394624778848377,0.005640735814435249
full,1,GBM,2020,0.7583466604532281,0.7394624778848377,0.018884182568390417
full,1,GBM,2021,0.6448379206999897,0.7394624778848377,-0.09462455718484797
full,1,GBM,2022,0.6891837220371251,0.7394624778848377,-0.050278755847712575
full,1,GBM,2023,0.7232435353464837,0.7394624778848377,-0.016218942538353986
full,2,LogReg,2019,0.7160642125948989,0.7279660656848799,-0.01190185308998093
full,2,LogReg,2020,0.7468154626214062,0.7279660656848799,0.01884939693652632
full,2,LogReg,2021,0.6786785473814916,0.7279660656848799,-0.04928751830338829
full,2,LogReg,2022,0.6762363936694384,0.7279660656848799,-0.05172967201544143
full,2,LogReg,2023,0.7226575447464368,0.7279660656848799,-0.005308520938443029
full,2,RF,2019,0.7275311237204107,0.7330164575557551,-0.00548533383534433
full,2,RF,2020,0.747043422997748,0.7330164575557551,0.014026965441992889
full,2,RF,2021,0.6750933463916263,0.7330164575557551,-0.05792311116412874
full,2,RF,2022,0.6825660139392826,0.7330164575557551,-0.05045044361647244
full,2,RF,2023,0.7095391738481935,0.7330164575557551,-0.023477283707561525
full,2,GBM,2019,0.7265683035925967,0.7409794362008271,-0.014411132608230348
full,2,GBM,2020,0.74291768558047,0.7409794362008271,0.0019382493796429312
full,2,GBM,2021,0.6750802298026392,0.7409794362008271,-0.06589920639818792
full,2,GBM,2022,0.6950781908109914,0.7409794362008271,-0.04590124538983564
full,2,GBM,2023,0.7335295305767319,0.7409794362008271,-0.007449905624095199
full,3,LogReg,2019,0.7222341981676803,0.7365733561538655,-0.014339157986185236
full,3,LogReg,2020,0.7348646084414585,0.7365733561538655,-0.0017087477124070327
full,3,LogReg,2021,0.6606767039015703,0.7365733561538655,-0.07589665225229525
full,3,LogReg,2022,0.6618102899736389,0.7365733561538655,-0.07476306618022666
full,3,LogReg,2023,0.7124186007361325,0.7365733561538655,-0.024154755417733043
full,3,RF,2019,0.7305976852208278,0.7384836792361952,-0.007885994015367381
full,3,RF,2020,0.7447561413405815,0.7384836792361952,0.006272462104386367
full,3,RF,2021,0.6743796109993293,0.7384836792361952,-0.06410406823686587
full,3,RF,2022,0.6774611398963731,0.7384836792361952,-0.061022539339822046
full,3,RF,2023,0.7053608094906505,0.7384836792361952,-0.03312286974554468
full,3,GBM,2019,0.7379064336489849,0.750529897164524,-0.012623463515539113
full,3,GBM,2020,0.7290021283142726,0.750529897164524,-0.021527768850251428
full,3,GBM,2021,0.678308355882421,0.750529897164524,-0.07222154128210301
full,3,GBM,2022,0.6849786383056086,0.750529897164524,-0.06555125885891544
full,3,GBM,2023,0.7208269884631768,0.750529897164524,-0.029702908701347175
full,4,LogReg,2019,0.7029795480499705,0.7284625653091863,-0.025483017259215757
full,4,LogReg,2020,0.7426635069764843,0.7284625653091863,0.014200941667298017
full,4,LogReg,2021,0.6401298926435444,0.7284625653091863,-0.08833267266564193
full,4,LogReg,2022,0.6532762015389917,0.7284625653091863,-0.07518636377019461
full,4,LogReg,2023,0.7020131211404476,0.7284625653091863,-0.026449444168738734
full,4,RF,2019,0.7357537780072991,0.7299291749355326,0.0058246030717665764
full,4,RF,2020,0.7432122584794341,0.7299291749355326,0.013283083543901508
full,4,RF,2021,0.6728661820973514,0.7299291749355326,-0.05706299283818117
full,4,RF,2022,0.6802892899575126,0.7299291749355326,-0.049639884978019966
full,4,RF,2023,0.6964398471697508,0.7299291749355326,-0.03348932776578173
full,4,GBM,2019,0.72758550927565,0.7396484296086797,-0.012062920333029692
full,4,GBM,2020,0.749019587282946,0.7396484296086797,0.009371157674266328
full,4,GBM,2021,0.6616135662898253,0.7396484296086797,-0.07803486331885445
full,4,GBM,2022,0.6740342742567124,0.7396484296086797,-0.06561415535196735
full,4,GBM,2023,0.7111890899750635,0.7396484296086797,-0.028459339633616243
ablated,0,LogReg,2019,0.7093346131431902,0.7332181040487291,-0.023883490905538873
ablated,0,LogReg,2020,0.7028162287958889,0.7332181040487291,-0.030401875252840216
ablated,0,LogReg,2021,0.575172232984255,0.7332181040487291,-0.1580458710644741
ablated,0,LogReg,2022,0.6276680871212121,0.7332181040487291,-0.10555001692751698
ablated,0,LogReg,2023,0.7020729268760527,0.7332181040487291,-0.031145177172676397
ablated,0,RF,2019,0.7184743541399125,0.7229069343870422,-0.00443258024712978
ablated,0,RF,2020,0.7139412405666088,0.7229069343870422,-0.00896569382043344
ablated,0,RF,2021,0.5904336047307631,0.7229069343870422,-0.13247332965627912
ablated,0,RF,2022,0.6306510416666666,0.7229069343870422,-0.0922558927203756
ablated,0,RF,2023,0.6908319823003735,0.7229069343870422,-0.03207495208666877
ablated,0,GBM,2019,0.7152598866629925,0.7409462048715716,-0.02568631820857914
ablated,0,GBM,2020,0.7077750649071122,0.7409462048715716,-0.03317113996445942
ablated,0,GBM,2021,0.5799729088075505,0.7409462048715716,-0.1609732960640211
ablated,0,GBM,2022,0.6263245738636363,0.7409462048715716,-0.11462163100793532
ablated,0,GBM,2023,0.7072033486348217,0.7409462048715716,-0.033742856236749885
ablated,1,LogReg,2019,0.7110896082570959,0.7243722079227224,-0.013282599665626504
ablated,1,LogReg,2020,0.7237314523559877,0.7243722079227224,-0.0006407555667347076
ablated,1,LogReg,2021,0.5897237558679564,0.7243722079227224,-0.13464845205476594
ablated,1,LogReg,2022,0.650459305092813,0.7243722079227224,-0.07391290282990937
ablated,1,LogReg,2023,0.7065004641157109,0.7243722079227224,-0.01787174380701151
ablated,1,RF,2019,0.7208698526432518,0.7144917423141686,0.0063781103290831975
ablated,1,RF,2020,0.7160529130789354,0.7144917423141686,0.001561170764766806
ablated,1,RF,2021,0.5971802492178668,0.7144917423141686,-0.11731149309630173
ablated,1,RF,2022,0.6312494050452165,0.7144917423141686,-0.08324233726895203
ablated,1,RF,2023,0.689277763556962,0.7144917423141686,-0.025213978757206545
ablated,1,GBM,2019,0.7319522636640863,0.7331947655216211,-0.0012425018575348279
ablated,1,GBM,2020,0.7362236414281025,0.7331947655216211,0.0030288759064813764
ablated,1,GBM,2021,0.6044316185382016,0.7331947655216211,-0.1287631469834195
ablated,1,GBM,2022,0.6495514040932889,0.7331947655216211,-0.08364336142833217
ablated,1,GBM,2023,0.7100336904050863,0.7331947655216211,-0.023161075116534757
ablated,2,LogReg,2019,0.6951982803584694,0.7244213752281872,-0.029223094869717747
ablated,2,LogReg,2020,0.7029227283403102,0.7244213752281872,-0.02149864688787695
ablated,2,LogReg,2021,0.6206012061432273,0.7244213752281872,-0.10382016908495983
ablated,2,LogReg,2022,0.6522920755036636,0.7244213752281872,-0.07212929972452353
ablated,2,LogReg,2023,0.7129547149486245,0.7244213752281872,-0.011466660279562668
ablated,2,RF,2019,0.7066572887195941,0.716110804309003,-0.009453515589408878
ablated,2,RF,2020,0.7145659772592255,0.716110804309003,-0.0015448270497774308
ablated,2,RF,2021,0.6203680223390085,0.716110804309003,-0.09574278196999453
ablated,2,RF,2022,0.6338844103099868,0.716110804309003,-0.08222639399901621
ablated,2,RF,2023,0.6921688556513093,0.716110804309003,-0.023941948657693723
ablated,2,GBM,2019,0.7102991459745953,0.7357021333907499,-0.025402987416154543
ablated,2,GBM,2020,0.7165692654149569,0.7357021333907499,-0.019132867975792944
ablated,2,GBM,2021,0.6274174602203004,0.7357021333907499,-0.10828467317044943
ablated,2,GBM,2022,0.6531697514741663,0.7357021333907499,-0.08253238191658352
ablated,2,GBM,2023,0.7255215238647663,0.7357021333907499,-0.010180609525983542
ablated,3,LogReg,2019,0.7043139066389509,0.7297222613505916,-0.025408354711640713
ablated,3,LogReg,2020,0.6948753782245243,0.7297222613505916,-0.03484688312606732
ablated,3,LogReg,2021,0.6112797474502185,0.7297222613505916,-0.11844251390037308
ablated,3,LogReg,2022,0.6357831106263067,0.7297222613505916,-0.09393915072428494
ablated,3,LogReg,2023,0.7014505839831245,0.7297222613505916,-0.028271677367467052
ablated,3,RF,2019,0.7164652141555676,0.7219967654504753,-0.005531551294907677
ablated,3,RF,2020,0.7142064977691164,0.7219967654504753,-0.007790267681358931
ablated,3,RF,2021,0.6264801452392517,0.7219967654504753,-0.09551662021122365
ablated,3,RF,2022,0.6257431142623398,0.7219967654504753,-0.09625365118813556
ablated,3,RF,2023,0.6809352912518589,0.7219967654504753,-0.04106147419861639
ablated,3,GBM,2019,0.722825724330844,0.7424101824114847,-0.019584458080640688
ablated,3,GBM,2020,0.7128939304579722,0.7424101824114847,-0.029516251953512485
ablated,3,GBM,2021,0.6251098545294757,0.7424101824114847,-0.11730032788200906
ablated,3,GBM,2022,0.6382044814107809,0.7424101824114847,-0.10420570100070381
ablated,3,GBM,2023,0.7063989450298305,0.7424101824114847,-0.03601123738165424
ablated,4,LogReg,2019,0.686941151729884,0.7233883534756964,-0.036447201745812396
ablated,4,LogReg,2020,0.7195355535050191,0.7233883534756964,-0.003852799970677334
ablated,4,LogReg,2021,0.595057516809272,0.7233883534756964,-0.12833083666642442
ablated,4,LogReg,2022,0.6252678052859764,0.7233883534756964,-0.09812054818972005
ablated,4,LogReg,2023,0.6957013816796344,0.7233883534756964,-0.027686971796062054
ablated,4,RF,2019,0.7059263538136777,0.7147259489885246,-0.008799595174846853
ablated,4,RF,2020,0.7130728686072199,0.7147259489885246,-0.001653080381304739
ablated,4,RF,2021,0.622766502804641,0.7147259489885246,-0.09195944618388363
ablated,4,RF,2022,0.6309793780892499,0.7147259489885246,-0.08374657089927473
ablated,4,RF,2023,0.682189603690187,0.7147259489885246,-0.0325363452983376
ablated,4,GBM,2019,0.7072333832897213,0.7340965050920369,-0.026863121802315648
ablated,4,GBM,2020,0.7261083382266589,0.7340965050920369,-0.007988166865378066
ablated,4,GBM,2021,0.6099691675231244,0.7340965050920369,-0.12412733756891259
ablated,4,GBM,2022,0.6332881066738643,0.7340965050920369,-0.10080839841817268
ablated,4,GBM,2023,0.701237197255905,0.7340965050920369,-0.03285930783613189
