seed,model,n,tau,year,alarm_rate,n_frame
0,LogReg,25,0.5277777777777778,2019,0.06603301650825413,1344
0,LogReg,25,0.5277777777777778,2020,0.1016016016016016,1331
0,LogReg,25,0.5277777777777778,2021,0.264,1322
0,LogReg,25,0.5277777777777778,2022,0.14,1318
0,LogReg,25,0.5277777777777778,2023,0.093,1314
0,LogReg,50,0.6087507161955691,2019,0.0965,1344
0,LogReg,50,0.6087507161955691,2020,0.115,1331
0,LogReg,50,0.6087507161955691,2021,0.469,1322
0,LogReg,50,0.6087507161955691,2022,0.2835,1318
0,LogReg,50,0.6087507161955691,2023,0.118,1314
0,LogReg,100,0.6510557253204312,2019,0.1165,1344
0,LogReg,100,0.6510557253204312,2020,0.1275,1331
0,LogReg,100,0.6510557253204312,2021,0.7115,1322
0,LogReg,100,0.6510557253204312,2022,0.4795,1318
0,LogReg,100,0.6510557253204312,2023,0.15,1314
0,LogReg,200,0.6773283077295189,2019,0.141,1344
0,LogReg,200,0.6773283077295189,2020,0.1475,1331
0,LogReg,200,0.6773283077295189,2021,0.91,1322
0,LogReg,200,0.6773283077295189,2022,0.736,1318
0,LogReg,200,0.6773283077295189,2023,0.219,1314
0,LogReg,400,0.6932591365329954,2019,0.16,1344
0,LogReg,400,0.6932591365329954,2020,0.17,1331
0,LogReg,400,0.6932591365329954,2021,0.99,1322
0,LogReg,400,0.6932591365329954,2022,0.9225,1318
0,LogReg,400,0.6932591365329954,2023,0.3105,1314
0,LogReg,800,0.7076598508982523,2019,0.2455,1344
0,LogReg,800,0.7076598508982523,2020,0.231,1331
0,LogReg,800,0.7076598508982523,2021,1.0,1322
0,LogReg,800,0.7076598508982523,2022,0.999,1318
0,LogReg,800,0.7076598508982523,2023,0.5035,1314
0,RF,25,0.5316587301587301,2019,0.07103551775887944,1344
0,RF,25,0.5316587301587301,2020,0.08708708708708708,1331
0,RF,25,0.5316587301587301,2021,0.197,1322
0,RF,25,0.5316587301587301,2022,0.0925,1318
0,RF,25,0.5316587301587301,2023,0.0955,1314
0,RF,50,0.6057142857142858,2019,0.08,1344
0,RF,50,0.6057142857142858,2020,0.0985,1331
0,RF,50,0.6057142857142858,2021,0.3255,1322
0,RF,50,0.6057142857142858,2022,0.1515,1318
0,RF,50,0.6057142857142858,2023,0.1345,1314
0,RF,100,0.6522630122116689,2019,0.095,1344
0,RF,100,0.6522630122116689,2020,0.117,1331
0,RF,100,0.6522630122116689,2021,0.518,1322
0,RF,100,0.6522630122116689,2022,0.275,1318
0,RF,100,0.6522630122116689,2023,0.1985,1314
0,RF,200,0.6762647374882254,2019,0.0955,1344
0,RF,200,0.6762647374882254,2020,0.11,1331
0,RF,200,0.6762647374882254,2021,0.712,1322
0,RF,200,0.6762647374882254,2022,0.3995,1318
0,RF,200,0.6762647374882254,2023,0.267,1314
0,RF,400,0.696767908796215,2019,0.14,1344
0,RF,400,0.696767908796215,2020,0.127,1331
0,RF,400,0.696767908796215,2021,0.937,1322
0,RF,400,0.696767908796215,2022,0.678,1318
0,RF,400,0.696767908796215,2023,0.4635,1314
0,RF,800,0.7110379412108462,2019,0.1925,1344
0,RF,800,0.7110379412108462,2020,0.18,1331
0,RF,800,0.7110379412108462,2021,0.997,1322
0,RF,800,0.7110379412108462,2022,0.923,1318
0,RF,800,0.7110379412108462,2023,0.7155,1314
0,GBM,25,0.5454545454545454,2019,0.07553776888444222,1344
0,GBM,25,0.5454545454545454,2020,0.12312312312312312,1331
0,GBM,25,0.5454545454545454,2021,0.2465,1322
0,GBM,25,0.5454545454545454,2022,0.135,1318
0,GBM,25,0.5454545454545454,2023,0.108,1314
0,GBM,50,0.6133056133056133,2019,0.0985,1344
0,GBM,50,0.6133056133056133,2020,0.149,1331
0,GBM,50,0.6133056133056133,2021,0.4005,1322
0,GBM,50,0.6133056133056133,2022,0.215,1318
0,GBM,50,0.6133056133056133,2023,0.112,1314
0,GBM,100,0.6573127810614662,2019,0.105,1344
0,GBM,100,0.6573127810614662,2020,0.1855,1331
0,GBM,100,0.6573127810614662,2021,0.6105,1322
0,GBM,100,0.6573127810614662,2022,0.394,1318
0,GBM,100,0.6573127810614662,2023,0.1645,1314
0,GBM,200,0.6842672603726022,2019,0.121,1344
0,GBM,200,0.6842672603726022,2020,0.228,1331
0,GBM,200,0.6842672603726022,2021,0.837,1322
0,GBM,200,0.6842672603726022,2022,0.6045,1318
0,GBM,200,0.6842672603726022,2023,0.2555,1314
0,GBM,400,0.7004282003721796,2019,0.146,1344
0,GBM,400,0.7004282003721796,2020,0.2925,1331
0,GBM,400,0.7004282003721796,2021,0.9715,1322
0,GBM,400,0.7004282003721796,2022,0.8515,1318
0,GBM,400,0.7004282003721796,2023,0.3765,1314
0,GBM,800,0.7155030632479349,2019,0.2215,1344
0,GBM,800,0.7155030632479349,2020,0.435,1331
0,GBM,800,0.7155030632479349,2021,1.0,1322
0,GBM,800,0.7155030632479349,2022,0.9905,1318
0,GBM,800,0.7155030632479349,2023,0.607,1314
1,LogReg,25,0.5367121848739496,2019,0.0685,1330
1,LogReg,25,0.5367121848739496,2020,0.06716791979949875,1322
1,LogReg,25,0.5367121848739496,2021,0.2355,1320
1,LogReg,25,0.5367121848739496,2022,0.1285,1314
1,LogReg,25,0.5367121848739496,2023,0.0775,1318
1,LogReg,50,0.5932539682539683,2019,0.066,1330
1,LogReg,50,0.5932539682539683,2020,0.0485,1322
1,LogReg,50,0.5932539682539683,2021,0.314,1320
1,LogReg,50,0.5932539682539683,2022,0.1535,1314
1,LogReg,50,0.5932539682539683,2023,0.0705,1318
1,LogReg,100,0.6375833333333334,2019,0.089,1330
1,LogReg,100,0.6375833333333334,2020,0.036,1322
1,LogReg,100,0.6375833333333334,2021,0.4915,1320
1,LogReg,100,0.6375833333333334,2022,0.247,1314
1,LogReg,100,0.6375833333333334,2023,0.074,1318
1,LogReg,200,0.664864035733667,2019,0.0785,1330
1,LogReg,200,0.664864035733667,2020,0.021,1322
1,LogReg,200,0.664864035733667,2021,0.7185,1320
1,LogReg,200,0.664864035733667,2022,0.3945,1314
1,LogReg,200,0.664864035733667,2023,0.085,1318
1,LogReg,400,0.6824935755240865,2019,0.0815,1330
1,LogReg,400,0.6824935755240865,2020,0.012,1322
1,LogReg,400,0.6824935755240865,2021,0.9095,1320
1,LogReg,400,0.6824935755240865,2022,0.595,1314
1,LogReg,400,0.6824935755240865,2023,0.12,1318
1,LogReg,800,0.6977358098255274,2019,0.1125,1330
1,LogReg,800,0.6977358098255274,2020,0.006,1322
1,LogReg,800,0.6977358098255274,2021,0.995,1320
1,LogReg,800,0.6977358098255274,2022,0.8905,1314
1,LogReg,800,0.6977358098255274,2023,0.1825,1318
1,RF,25,0.5323147440794499,2019,0.052,1330
1,RF,25,0.5323147440794499,2020,0.0761904761904762,1322
1,RF,25,0.5323147440794499,2021,0.2045,1320
1,RF,25,0.5323147440794499,2022,0.119,1314
1,RF,25,0.5323147440794499,2023,0.0835,1318
1,RF,50,0.6024955436720143,2019,0.0605,1330
1,RF,50,0.6024955436720143,2020,0.075,1322
1,RF,50,0.6024955436720143,2021,0.3045,1320
1,RF,50,0.6024955436720143,2022,0.174,1314
1,RF,50,0.6024955436720143,2023,0.104,1318
1,RF,100,0.6389942550378799,2019,0.054,1330
1,RF,100,0.6389942550378799,2020,0.0545,1322
1,RF,100,0.6389942550378799,2021,0.437,1320
1,RF,100,0.6389942550378799,2022,0.2265,1314
1,RF,100,0.6389942550378799,2023,0.117,1318
1,RF,200,0.6674880329264657,2019,0.05,1330
1,RF,200,0.6674880329264657,2020,0.04,1322
1,RF,200,0.6674880329264657,2021,0.66,1320
1,RF,200,0.6674880329264657,2022,0.3755,1314
1,RF,200,0.6674880329264657,2023,0.143,1318
1,RF,400,0.6850602485709018,2019,0.037,1330
1,RF,400,0.6850602485709018,2020,0.024,1322
1,RF,400,0.6850602485709018,2021,0.861,1320
1,RF,400,0.6850602485709018,2022,0.58,1314
1,RF,400,0.6850602485709018,2023,0.1965,1318
1,RF,800,0.6991941033433194,2019,0.0345,1330
1,RF,800,0.6991941033433194,2020,0.0145,1322
1,RF,800,0.6991941033433194,2021,0.9895,1320
1,RF,800,0.6991941033433194,2022,0.8765,1314
1,RF,800,0.6991941033433194,2023,0.307,1318
1,GBM,25,0.5499305555555556,2019,0.0575,1330
1,GBM,25,0.5499305555555556,2020,0.07568922305764411,1322
1,GBM,25,0.5499305555555556,2021,0.2445,1320
1,GBM,25,0.5499305555555556,2022,0.116,1314
1,GBM,25,0.5499305555555556,2023,0.082,1318
1,GBM,50,0.6051507936507936,2019,0.0505,1330
1,GBM,50,0.6051507936507936,2020,0.055,1322
1,GBM,50,0.6051507936507936,2021,0.3235,1320
1,GBM,50,0.6051507936507936,2022,0.159,1314
1,GBM,50,0.6051507936507936,2023,0.0825,1318
1,GBM,100,0.652479407979408,2019,0.0715,1330
1,GBM,100,0.652479407979408,2020,0.0465,1322
1,GBM,100,0.652479407979408,2021,0.545,1320
1,GBM,100,0.652479407979408,2022,0.2345,1314
1,GBM,100,0.652479407979408,2023,0.1065,1318
1,GBM,200,0.6767987710475982,2019,0.052,1330
1,GBM,200,0.6767987710475982,2020,0.0355,1322
1,GBM,200,0.6767987710475982,2021,0.751,1320
1,GBM,200,0.6767987710475982,2022,0.372,1314
1,GBM,200,0.6767987710475982,2023,0.1035,1318
1,GBM,400,0.6942379149792909,2019,0.038,1330
1,GBM,400,0.6942379149792909,2020,0.017,1322
1,GBM,400,0.6942379149792909,2021,0.928,1320
1,GBM,400,0.6942379149792909,2022,0.558,1314
1,GBM,400,0.6942379149792909,2023,0.1515,1318
1,GBM,800,0.7088905775257658,2019,0.0415,1330
1,GBM,800,0.7088905775257658,2020,0.013,1322
1,GBM,800,0.7088905775257658,2021,0.998,1320
1,GBM,800,0.7088905775257658,2022,0.86,1314
1,GBM,800,0.7088905775257658,2023,0.2245,1318
2,LogReg,25,0.5263157894736842,2019,0.0605,1325
2,LogReg,25,0.5263157894736842,2020,0.045591182364729456,1325
2,LogReg,25,0.5263157894736842,2021,0.1275,1318
2,LogReg,25,0.5263157894736842,2022,0.087,1313
2,LogReg,25,0.5263157894736842,2023,0.05,1310
2,LogReg,50,0.5920608802961744,2019,0.073,1325
2,LogReg,50,0.5920608802961744,2020,0.0545,1325
2,LogReg,50,0.5920608802961744,2021,0.1625,1318
2,LogReg,50,0.5920608802961744,2022,0.138,1313
2,LogReg,50,0.5920608802961744,2023,0.054,1310
2,LogReg,100,0.6357963098202134,2019,0.0895,1325
2,LogReg,100,0.6357963098202134,2020,0.038,1325
2,LogReg,100,0.6357963098202134,2021,0.24,1318
2,LogReg,100,0.6357963098202134,2022,0.225,1313
2,LogReg,100,0.6357963098202134,2023,0.058,1310
2,LogReg,200,0.6606599296749336,2019,0.0795,1325
2,LogReg,200,0.6606599296749336,2020,0.0295,1325
2,LogReg,200,0.6606599296749336,2021,0.3475,1318
2,LogReg,200,0.6606599296749336,2022,0.3365,1313
2,LogReg,200,0.6606599296749336,2023,0.054,1310
2,LogReg,400,0.6806686694033949,2019,0.104,1325
2,LogReg,400,0.6806686694033949,2020,0.0135,1325
2,LogReg,400,0.6806686694033949,2021,0.514,1318
2,LogReg,400,0.6806686694033949,2022,0.5575,1313
2,LogReg,400,0.6806686694033949,2023,0.0635,1310
2,LogReg,800,0.6940188776325451,2019,0.127,1325
2,LogReg,800,0.6940188776325451,2020,0.011,1325
2,LogReg,800,0.6940188776325451,2021,0.7465,1318
2,LogReg,800,0.6940188776325451,2022,0.816,1313
2,LogReg,800,0.6940188776325451,2023,0.0735,1310
2,RF,25,0.5238095238095238,2019,0.051,1325
2,RF,25,0.5238095238095238,2020,0.05460921843687375,1325
2,RF,25,0.5238095238095238,2021,0.13,1318
2,RF,25,0.5238095238095238,2022,0.0835,1313
2,RF,25,0.5238095238095238,2023,0.0615,1310
2,RF,50,0.5892857142857143,2019,0.052,1325
2,RF,50,0.5892857142857143,2020,0.05,1325
2,RF,50,0.5892857142857143,2021,0.178,1318
2,RF,50,0.5892857142857143,2022,0.1075,1313
2,RF,50,0.5892857142857143,2023,0.062,1310
2,RF,100,0.6404299935037641,2019,0.072,1325
2,RF,100,0.6404299935037641,2020,0.0505,1325
2,RF,100,0.6404299935037641,2021,0.269,1318
2,RF,100,0.6404299935037641,2022,0.2095,1313
2,RF,100,0.6404299935037641,2023,0.117,1310
2,RF,200,0.6670006067456926,2019,0.0625,1325
2,RF,200,0.6670006067456926,2020,0.0375,1325
2,RF,200,0.6670006067456926,2021,0.431,1318
2,RF,200,0.6670006067456926,2022,0.3375,1313
2,RF,200,0.6670006067456926,2023,0.145,1310
2,RF,400,0.684566398976508,2019,0.07,1325
2,RF,400,0.684566398976508,2020,0.0205,1325
2,RF,400,0.684566398976508,2021,0.6235,1318
2,RF,400,0.684566398976508,2022,0.511,1313
2,RF,400,0.684566398976508,2023,0.177,1310
2,RF,800,0.6996617734482088,2019,0.085,1325
2,RF,800,0.6996617734482088,2020,0.015,1325
2,RF,800,0.6996617734482088,2021,0.8675,1318
2,RF,800,0.6996617734482088,2022,0.81,1313
2,RF,800,0.6996617734482088,2023,0.304,1310
2,GBM,25,0.5367647058823529,2019,0.064,1325
2,GBM,25,0.5367647058823529,2020,0.06462925851703406,1325
2,GBM,25,0.5367647058823529,2021,0.158,1318
2,GBM,25,0.5367647058823529,2022,0.08,1313
2,GBM,25,0.5367647058823529,2023,0.0455,1310
2,GBM,50,0.6024922942661913,2019,0.069,1325
2,GBM,50,0.6024922942661913,2020,0.072,1325
2,GBM,50,0.6024922942661913,2021,0.204,1318
2,GBM,50,0.6024922942661913,2022,0.1145,1313
2,GBM,50,0.6024922942661913,2023,0.048,1310
2,GBM,100,0.6473125000000001,2019,0.0855,1325
2,GBM,100,0.6473125000000001,2020,0.0725,1325
2,GBM,100,0.6473125000000001,2021,0.3135,1318
2,GBM,100,0.6473125000000001,2022,0.184,1313
2,GBM,100,0.6473125000000001,2023,0.062,1310
2,GBM,200,0.675196106043796,2019,0.094,1325
2,GBM,200,0.675196106043796,2020,0.068,1325
2,GBM,200,0.675196106043796,2021,0.5055,1318
2,GBM,200,0.675196106043796,2022,0.2945,1313
2,GBM,200,0.675196106043796,2023,0.062,1310
2,GBM,400,0.6924670037673769,2019,0.103,1325
2,GBM,400,0.6924670037673769,2020,0.052,1325
2,GBM,400,0.6924670037673769,2021,0.7145,1318
2,GBM,400,0.6924670037673769,2022,0.45,1313
2,GBM,400,0.6924670037673769,2023,0.063,1310
2,GBM,800,0.7073652282051576,2019,0.162,1325
2,GBM,800,0.7073652282051576,2020,0.068,1325
2,GBM,800,0.7073652282051576,2021,0.927,1318
2,GBM,800,0.7073652282051576,2022,0.7355,1313
2,GBM,800,0.7073652282051576,2023,0.092,1310
3,LogReg,25,0.5415833333333333,2019,0.08,1349
3,LogReg,25,0.5415833333333333,2020,0.0945472736368184,1350
3,LogReg,25,0.5415833333333333,2021,0.20340681362725452,1342
3,LogReg,25,0.5415833333333333,2022,0.141,1342
3,LogReg,25,0.5415833333333333,2023,0.074,1330
3,LogReg,50,0.6030701754385965,2019,0.0885,1349
3,LogReg,50,0.6030701754385965,2020,0.066,1350
3,LogReg,50,0.6030701754385965,2021,0.261,1342
3,LogReg,50,0.6030701754385965,2022,0.2155,1342
3,LogReg,50,0.6030701754385965,2023,0.098,1330
3,LogReg,100,0.6439602875612693,2019,0.0895,1349
3,LogReg,100,0.6439602875612693,2020,0.079,1350
3,LogReg,100,0.6439602875612693,2021,0.386,1342
3,LogReg,100,0.6439602875612693,2022,0.3585,1342
3,LogReg,100,0.6439602875612693,2023,0.105,1330
3,LogReg,200,0.6725502006917342,2019,0.1105,1349
3,LogReg,200,0.6725502006917342,2020,0.076,1350
3,LogReg,200,0.6725502006917342,2021,0.6035,1342
3,LogReg,200,0.6725502006917342,2022,0.6195,1342
3,LogReg,200,0.6725502006917342,2023,0.143,1330
3,LogReg,400,0.6896790422292939,2019,0.123,1349
3,LogReg,400,0.6896790422292939,2020,0.0725,1350
3,LogReg,400,0.6896790422292939,2021,0.821,1342
3,LogReg,400,0.6896790422292939,2022,0.8295,1342
3,LogReg,400,0.6896790422292939,2023,0.1965,1330
3,LogReg,800,0.7057943138687525,2019,0.205,1349
3,LogReg,800,0.7057943138687525,2020,0.0875,1350
3,LogReg,800,0.7057943138687525,2021,0.983,1342
3,LogReg,800,0.7057943138687525,2022,0.9875,1342
3,LogReg,800,0.7057943138687525,2023,0.3745,1330
3,RF,25,0.54,2019,0.059,1349
3,RF,25,0.54,2020,0.08104052026013006,1350
3,RF,25,0.54,2021,0.16783567134268537,1342
3,RF,25,0.54,2022,0.106,1342
3,RF,25,0.54,2023,0.0845,1330
3,RF,50,0.6132998691822221,2019,0.0785,1349
3,RF,50,0.6132998691822221,2020,0.083,1350
3,RF,50,0.6132998691822221,2021,0.246,1342
3,RF,50,0.6132998691822221,2022,0.1985,1342
3,RF,50,0.6132998691822221,2023,0.134,1330
3,RF,100,0.6457015194615972,2019,0.07,1349
3,RF,100,0.6457015194615972,2020,0.059,1350
3,RF,100,0.6457015194615972,2021,0.3245,1342
3,RF,100,0.6457015194615972,2022,0.262,1342
3,RF,100,0.6457015194615972,2023,0.1395,1330
3,RF,200,0.6743978571428572,2019,0.088,1349
3,RF,200,0.6743978571428572,2020,0.054,1350
3,RF,200,0.6743978571428572,2021,0.4895,1342
3,RF,200,0.6743978571428572,2022,0.4645,1342
3,RF,200,0.6743978571428572,2023,0.2145,1330
3,RF,400,0.6949246260580215,2019,0.107,1349
3,RF,400,0.6949246260580215,2020,0.0605,1350
3,RF,400,0.6949246260580215,2021,0.748,1342
3,RF,400,0.6949246260580215,2022,0.723,1342
3,RF,400,0.6949246260580215,2023,0.356,1330
3,RF,800,0.7072936469739514,2019,0.1195,1349
3,RF,800,0.7072936469739514,2020,0.038,1350
3,RF,800,0.7072936469739514,2021,0.923,1342
3,RF,800,0.7072936469739514,2022,0.9425,1342
3,RF,800,0.7072936469739514,2023,0.5445,1330
3,GBM,25,0.5476190476190477,2019,0.065,1349
3,GBM,25,0.5476190476190477,2020,0.11705852926463231,1350
3,GBM,25,0.5476190476190477,2021,0.16382765531062124,1342
3,GBM,25,0.5476190476190477,2022,0.11,1342
3,GBM,25,0.5476190476190477,2023,0.0735,1330
3,GBM,50,0.6179255423099473,2019,0.074,1349
3,GBM,50,0.6179255423099473,2020,0.112,1350
3,GBM,50,0.6179255423099473,2021,0.2605,1342
3,GBM,50,0.6179255423099473,2022,0.1825,1342
3,GBM,50,0.6179255423099473,2023,0.103,1330
3,GBM,100,0.6580713278072459,2019,0.082,1349
3,GBM,100,0.6580713278072459,2020,0.1335,1350
3,GBM,100,0.6580713278072459,2021,0.3715,1342
3,GBM,100,0.6580713278072459,2022,0.2885,1342
3,GBM,100,0.6580713278072459,2023,0.1245,1330
3,GBM,200,0.6859128483216266,2019,0.096,1349
3,GBM,200,0.6859128483216266,2020,0.163,1350
3,GBM,200,0.6859128483216266,2021,0.569,1342
3,GBM,200,0.6859128483216266,2022,0.509,1342
3,GBM,200,0.6859128483216266,2023,0.1825,1330
3,GBM,400,0.706355186575128,2019,0.1295,1349
3,GBM,400,0.706355186575128,2020,0.2455,1350
3,GBM,400,0.706355186575128,2021,0.813,1342
3,GBM,400,0.706355186575128,2022,0.762,1342
3,GBM,400,0.706355186575128,2023,0.2925,1330
3,GBM,800,0.7201519070119954,2019,0.1875,1349
3,GBM,800,0.7201519070119954,2020,0.342,1350
3,GBM,800,0.7201519070119954,2021,0.969,1342
3,GBM,800,0.7201519070119954,2022,0.9675,1342
3,GBM,800,0.7201519070119954,2023,0.507,1330
4,LogReg,25,0.5078869047619048,2019,0.055,1330
4,LogReg,25,0.5078869047619048,2020,0.04568273092369478,1321
4,LogReg,25,0.5078869047619048,2021,0.15107553776888444,1305
4,LogReg,25,0.5078869047619048,2022,0.114,1308
4,LogReg,25,0.5078869047619048,2023,0.0535,1311
4,LogReg,50,0.5793492063492064,2019,0.077,1330
4,LogReg,50,0.5793492063492064,2020,0.041,1321
4,LogReg,50,0.5793492063492064,2021,0.249,1305
4,LogReg,50,0.5793492063492064,2022,0.166,1308
4,LogReg,50,0.5793492063492064,2023,0.07,1311
4,LogReg,100,0.6286718132046286,2019,0.099,1330
4,LogReg,100,0.6286718132046286,2020,0.041,1321
4,LogReg,100,0.6286718132046286,2021,0.4265,1305
4,LogReg,100,0.6286718132046286,2022,0.345,1308
4,LogReg,100,0.6286718132046286,2023,0.1085,1311
4,LogReg,200,0.6625964123164403,2019,0.161,1330
4,LogReg,200,0.6625964123164403,2020,0.032,1321
4,LogReg,200,0.6625964123164403,2021,0.6675,1305
4,LogReg,200,0.6625964123164403,2022,0.583,1308
4,LogReg,200,0.6625964123164403,2023,0.168,1311
4,LogReg,400,0.6825991194261646,2019,0.233,1330
4,LogReg,400,0.6825991194261646,2020,0.029,1321
4,LogReg,400,0.6825991194261646,2021,0.9065,1305
4,LogReg,400,0.6825991194261646,2022,0.8495,1308
4,LogReg,400,0.6825991194261646,2023,0.2675,1311
4,LogReg,800,0.6953602026470677,2019,0.3415,1330
4,LogReg,800,0.6953602026470677,2020,0.013,1321
4,LogReg,800,0.6953602026470677,2021,0.992,1305
4,LogReg,800,0.6953602026470677,2022,0.9845,1308
4,LogReg,800,0.6953602026470677,2023,0.376,1311
4,RF,25,0.5061688311688312,2019,0.031,1330
4,RF,25,0.5061688311688312,2020,0.04568273092369478,1321
4,RF,25,0.5061688311688312,2021,0.12056028014007003,1305
4,RF,25,0.5061688311688312,2022,0.066,1308
4,RF,25,0.5061688311688312,2023,0.0585,1311
4,RF,50,0.589720695970696,2019,0.035,1330
4,RF,50,0.589720695970696,2020,0.05,1321
4,RF,50,0.589720695970696,2021,0.1625,1305
4,RF,50,0.589720695970696,2022,0.1225,1308
4,RF,50,0.589720695970696,2023,0.101,1311
4,RF,100,0.6333998666774402,2019,0.043,1330
4,RF,100,0.6333998666774402,2020,0.037,1321
4,RF,100,0.6333998666774402,2021,0.2665,1305
4,RF,100,0.6333998666774402,2022,0.1975,1308
4,RF,100,0.6333998666774402,2023,0.146,1311
4,RF,200,0.6649541652421652,2019,0.0395,1330
4,RF,200,0.6649541652421652,2020,0.042,1321
4,RF,200,0.6649541652421652,2021,0.4155,1305
4,RF,200,0.6649541652421652,2022,0.3315,1308
4,RF,200,0.6649541652421652,2023,0.228,1311
4,RF,400,0.6824591930536721,2019,0.028,1330
4,RF,400,0.6824591930536721,2020,0.027,1321
4,RF,400,0.6824591930536721,2021,0.617,1305
4,RF,400,0.6824591930536721,2022,0.537,1308
4,RF,400,0.6824591930536721,2023,0.3285,1311
4,RF,800,0.697278937981864,2019,0.0255,1330
4,RF,800,0.697278937981864,2020,0.0145,1321
4,RF,800,0.697278937981864,2021,0.848,1305
4,RF,800,0.697278937981864,2022,0.8145,1308
4,RF,800,0.697278937981864,2023,0.5165,1311
4,GBM,25,0.5237219887955182,2019,0.0515,1330
4,GBM,25,0.5237219887955182,2020,0.05271084337349398,1321
4,GBM,25,0.5237219887955182,2021,0.16008004002001,1305
4,GBM,25,0.5237219887955182,2022,0.0935,1308
4,GBM,25,0.5237219887955182,2023,0.059,1311
4,GBM,50,0.5952104097452935,2019,0.0525,1330
4,GBM,50,0.5952104097452935,2020,0.052,1321
4,GBM,50,0.5952104097452935,2021,0.2225,1305
4,GBM,50,0.5952104097452935,2022,0.156,1308
4,GBM,50,0.5952104097452935,2023,0.0815,1311
4,GBM,100,0.643328125,2019,0.072,1330
4,GBM,100,0.643328125,2020,0.0495,1321
4,GBM,100,0.643328125,2021,0.3815,1305
4,GBM,100,0.643328125,2022,0.293,1308
4,GBM,100,0.643328125,2023,0.121,1311
4,GBM,200,0.6746318095881515,2019,0.0975,1330
4,GBM,200,0.6746318095881515,2020,0.05,1321
4,GBM,200,0.6746318095881515,2021,0.599,1305
4,GBM,200,0.6746318095881515,2022,0.4845,1308
4,GBM,200,0.6746318095881515,2023,0.198,1311
4,GBM,400,0.6919245242764138,2019,0.097,1330
4,GBM,400,0.6919245242764138,2020,0.034,1321
4,GBM,400,0.6919245242764138,2021,0.8255,1305
4,GBM,400,0.6919245242764138,2022,0.7365,1308
4,GBM,400,0.6919245242764138,2023,0.274,1311
4,GBM,800,0.7070218451096691,2019,0.136,1330
4,GBM,800,0.7070218451096691,2020,0.032,1321
4,GBM,800,0.7070218451096691,2021,0.9725,1305
4,GBM,800,0.7070218451096691,2022,0.9585,1308
4,GBM,800,0.7070218451096691,2023,0.419,1311
