spec,panel,outcome,seed,model,entity,period,auc,n
deficit 2011-2018 -> 2019-2023,imbalanced,deficit,0,LogReg,E_seen,P_seen,0.7336416755021407,5155
deficit 2011-2018 -> 2019-2023,imbalanced,deficit,0,LogReg,E_unseen,P_seen,0.7383321382250013,11110
deficit 2011-2018 -> 2019-2023,imbalanced,deficit,0,LogReg,E_seen,P_unseen,0.7014979670912889,15447
deficit 2011-2018 -> 2019-2023,imbalanced,deficit,0,LogReg,E_unseen,P_unseen,0.6796393150501753,6629
deficit 2011-2018 -> 2019-2023,imbalanced,deficit,0,RF,E_seen,P_seen,0.7825438193655249,5155
deficit 2011-2018 -> 2019-2023,imbalanced,deficit,0,RF,E_unseen,P_seen,0.7443633072946715,11110
deficit 2011-2018 -> 2019-2023,imbalanced,deficit,0,RF,E_seen,P_unseen,0.7178799830198614,15447
deficit 2011-2018 -> 2019-2023,imbalanced,deficit,0,RF,E_unseen,P_unseen,0.6915196259086506,6629
deficit 2011-2018 -> 2019-2023,imbalanced,deficit,0,GBM,E_seen,P_seen,0.7571619364255022,5155
deficit 2011-2018 -> 2019-2023,imbalanced,deficit,0,GBM,E_unseen,P_seen,0.747813823919766,11110
deficit 2011-2018 -> 2019-2023,imbalanced,deficit,0,GBM,E_seen,P_unseen,0.716921794039465,15447
deficit 2011-2018 -> 2019-2023,imbalanced,deficit,0,GBM,E_unseen,P_unseen,0.6939024492328667,6629
deficit 2011-2018 -> 2019-2023,imbalanced,deficit,1,LogReg,E_seen,P_seen,0.7289371209256069,5182
deficit 2011-2018 -> 2019-2023,imbalanced,deficit,1,LogReg,E_unseen,P_seen,0.7284126906311834,10978
deficit 2011-2018 -> 2019-2023,imbalanced,deficit,1,LogReg,E_seen,P_unseen,0.6939453667773322,15472
deficit 2011-2018 -> 2019-2023,imbalanced,deficit,1,LogReg,E_unseen,P_unseen,0.6965706753890811,6604
deficit 2011-2018 -> 2019-2023,imbalanced,deficit,1,RF,E_seen,P_seen,0.7690708562703983,5182
deficit 2011-2018 -> 2019-2023,imbalanced,deficit,1,RF,E_unseen,P_seen,0.7285945683689349,10978
deficit 2011-2018 -> 2019-2023,imbalanced,deficit,1,RF,E_seen,P_unseen,0.709701144104921,15472
deficit 2011-2018 -> 2019-2023,imbalanced,deficit,1,RF,E_unseen,P_unseen,0.6971630157552067,6604
deficit 2011-2018 -> 2019-2023,imbalanced,deficit,1,GBM,E_seen,P_seen,0.746117682901206,5182
deficit 2011-2018 -> 2019-2023,imbalanced,deficit,1,GBM,E_unseen,P_seen,0.7379937031207523,10978
deficit 2011-2018 -> 2019-2023,imbalanced,deficit,1,GBM,E_seen,P_unseen,0.7060580124230802,15472
deficit 2011-2018 -> 2019-2023,imbalanced,deficit,1,GBM,E_unseen,P_unseen,0.7059228583285662,6604
deficit 2011-2018 -> 2019-2023,imbalanced,deficit,2,LogReg,E_seen,P_seen,0.7359259976363544,5160
deficit 2011-2018 -> 2019-2023,imbalanced,deficit,2,LogReg,E_unseen,P_seen,0.7273284253003933,11086
deficit 2011-2018 -> 2019-2023,imbalanced,deficit,2,LogReg,E_seen,P_unseen,0.6910066404659404,15485
deficit 2011-2018 -> 2019-2023,imbalanced,deficit,2,LogReg,E_unseen,P_unseen,0.7043383215812293,6591
deficit 2011-2018 -> 2019-2023,imbalanced,deficit,2,RF,E_seen,P_seen,0.7782260554069751,5160
deficit 2011-2018 -> 2019-2023,imbalanced,deficit,2,RF,E_unseen,P_seen,0.7320165291762799,11086
deficit 2011-2018 -> 2019-2023,imbalanced,deficit,2,RF,E_seen,P_unseen,0.707535368777597,15485
deficit 2011-2018 -> 2019-2023,imbalanced,deficit,2,RF,E_unseen,P_unseen,0.70395262571681,6591
deficit 2011-2018 -> 2019-2023,imbalanced,deficit,2,GBM,E_seen,P_seen,0.7537419288601067,5160
deficit 2011-2018 -> 2019-2023,imbalanced,deficit,2,GBM,E_unseen,P_seen,0.7414458329617174,11086
deficit 2011-2018 -> 2019-2023,imbalanced,deficit,2,GBM,E_seen,P_unseen,0.7040447809433714,15485
deficit 2011-2018 -> 2019-2023,imbalanced,deficit,2,GBM,E_unseen,P_unseen,0.7121648667526327,6591
deficit 2011-2018 -> 2019-2023,imbalanced,deficit,3,LogReg,E_seen,P_seen,0.7350316675357567,5140
deficit 2011-2018 -> 2019-2023,imbalanced,deficit,3,LogReg,E_unseen,P_seen,0.7365775644195575,11185
deficit 2011-2018 -> 2019-2023,imbalanced,deficit,3,LogReg,E_seen,P_unseen,0.6901063055065303,15363
deficit 2011-2018 -> 2019-2023,imbalanced,deficit,3,LogReg,E_unseen,P_unseen,0.6951531219423266,6713
deficit 2011-2018 -> 2019-2023,imbalanced,deficit,3,RF,E_seen,P_seen,0.7813713485374963,5140
deficit 2011-2018 -> 2019-2023,imbalanced,deficit,3,RF,E_unseen,P_seen,0.7411923868341883,11185
deficit 2011-2018 -> 2019-2023,imbalanced,deficit,3,RF,E_seen,P_unseen,0.7164417279122082,15363
deficit 2011-2018 -> 2019-2023,imbalanced,deficit,3,RF,E_unseen,P_unseen,0.7007772141894544,6713
deficit 2011-2018 -> 2019-2023,imbalanced,deficit,3,GBM,E_seen,P_seen,0.7527020017390934,5140
deficit 2011-2018 -> 2019-2023,imbalanced,deficit,3,GBM,E_unseen,P_seen,0.7508239592939816,11185
deficit 2011-2018 -> 2019-2023,imbalanced,deficit,3,GBM,E_seen,P_unseen,0.707643528641859,15363
deficit 2011-2018 -> 2019-2023,imbalanced,deficit,3,GBM,E_unseen,P_unseen,0.7086531883575646,6713
deficit 2011-2018 -> 2019-2023,imbalanced,deficit,4,LogReg,E_seen,P_seen,0.7472951961015933,5167
deficit 2011-2018 -> 2019-2023,imbalanced,deficit,4,LogReg,E_unseen,P_seen,0.7285356878310021,11053
deficit 2011-2018 -> 2019-2023,imbalanced,deficit,4,LogReg,E_seen,P_unseen,0.6972195195033398,15501
deficit 2011-2018 -> 2019-2023,imbalanced,deficit,4,LogReg,E_unseen,P_unseen,0.682162153706089,6575
deficit 2011-2018 -> 2019-2023,imbalanced,deficit,4,RF,E_seen,P_seen,0.7876390364728729,5167
deficit 2011-2018 -> 2019-2023,imbalanced,deficit,4,RF,E_unseen,P_seen,0.7326427097321085,11053
deficit 2011-2018 -> 2019-2023,imbalanced,deficit,4,RF,E_seen,P_unseen,0.7150641353332241,15501
deficit 2011-2018 -> 2019-2023,imbalanced,deficit,4,RF,E_unseen,P_unseen,0.7002398118521346,6575
deficit 2011-2018 -> 2019-2023,imbalanced,deficit,4,GBM,E_seen,P_seen,0.7666354665590289,5167
deficit 2011-2018 -> 2019-2023,imbalanced,deficit,4,GBM,E_unseen,P_seen,0.7418137237426372,11053
deficit 2011-2018 -> 2019-2023,imbalanced,deficit,4,GBM,E_seen,P_unseen,0.7100997895068148,15501
deficit 2011-2018 -> 2019-2023,imbalanced,deficit,4,GBM,E_unseen,P_unseen,0.6975361998238206,6575
deficit 2011-2016 -> 2017-2020,imbalanced,deficit,0,LogReg,E_seen,P_seen,0.7298593304069422,3890
deficit 2011-2016 -> 2017-2020,imbalanced,deficit,0,LogReg,E_unseen,P_seen,0.7396733923177098,8399
deficit 2011-2016 -> 2017-2020,imbalanced,deficit,0,LogReg,E_seen,P_unseen,0.7385671585778399,12549
deficit 2011-2016 -> 2017-2020,imbalanced,deficit,0,LogReg,E_unseen,P_unseen,0.7301679339422632,5386
deficit 2011-2016 -> 2017-2020,imbalanced,deficit,0,RF,E_seen,P_seen,0.7670408958073451,3890
deficit 2011-2016 -> 2017-2020,imbalanced,deficit,0,RF,E_unseen,P_seen,0.7433627213183258,8399
deficit 2011-2016 -> 2017-2020,imbalanced,deficit,0,RF,E_seen,P_unseen,0.7595539122828711,12549
deficit 2011-2016 -> 2017-2020,imbalanced,deficit,0,RF,E_unseen,P_unseen,0.7273501054734615,5386
deficit 2011-2016 -> 2017-2020,imbalanced,deficit,0,GBM,E_seen,P_seen,0.7537303472677512,3890
deficit 2011-2016 -> 2017-2020,imbalanced,deficit,0,GBM,E_unseen,P_seen,0.7532777262105343,8399
deficit 2011-2016 -> 2017-2020,imbalanced,deficit,0,GBM,E_seen,P_unseen,0.752540235642099,12549
deficit 2011-2016 -> 2017-2020,imbalanced,deficit,0,GBM,E_unseen,P_unseen,0.7296364984670481,5386
deficit 2011-2016 -> 2017-2020,imbalanced,deficit,1,LogReg,E_seen,P_seen,0.7477145738173807,3913
deficit 2011-2016 -> 2017-2020,imbalanced,deficit,1,LogReg,E_unseen,P_seen,0.7283931981848293,8285
deficit 2011-2016 -> 2017-2020,imbalanced,deficit,1,LogReg,E_seen,P_unseen,0.7380418621464098,12590
deficit 2011-2016 -> 2017-2020,imbalanced,deficit,1,LogReg,E_unseen,P_unseen,0.7346375830658756,5345
deficit 2011-2016 -> 2017-2020,imbalanced,deficit,1,RF,E_seen,P_seen,0.7819371774587262,3913
deficit 2011-2016 -> 2017-2020,imbalanced,deficit,1,RF,E_unseen,P_seen,0.7262184300736683,8285
deficit 2011-2016 -> 2017-2020,imbalanced,deficit,1,RF,E_seen,P_unseen,0.7515317693991234,12590
deficit 2011-2016 -> 2017-2020,imbalanced,deficit,1,RF,E_unseen,P_unseen,0.7302347401810545,5345
deficit 2011-2016 -> 2017-2020,imbalanced,deficit,1,GBM,E_seen,P_seen,0.7656760810164891,3913
deficit 2011-2016 -> 2017-2020,imbalanced,deficit,1,GBM,E_unseen,P_seen,0.7390867159994747,8285
deficit 2011-2016 -> 2017-2020,imbalanced,deficit,1,GBM,E_seen,P_unseen,0.7480084410667983,12590
deficit 2011-2016 -> 2017-2020,imbalanced,deficit,1,GBM,E_unseen,P_unseen,0.7415499760995224,5345
deficit 2011-2016 -> 2017-2020,imbalanced,deficit,2,LogReg,E_seen,P_seen,0.7406201756227693,3894
deficit 2011-2016 -> 2017-2020,imbalanced,deficit,2,LogReg,E_unseen,P_seen,0.7312704884356962,8378
deficit 2011-2016 -> 2017-2020,imbalanced,deficit,2,LogReg,E_seen,P_unseen,0.7416960233410942,12577
deficit 2011-2016 -> 2017-2020,imbalanced,deficit,2,LogReg,E_unseen,P_unseen,0.7283605742647252,5358
deficit 2011-2016 -> 2017-2020,imbalanced,deficit,2,RF,E_seen,P_seen,0.7796814212846892,3894
deficit 2011-2016 -> 2017-2020,imbalanced,deficit,2,RF,E_unseen,P_seen,0.7283894333188464,8378
deficit 2011-2016 -> 2017-2020,imbalanced,deficit,2,RF,E_seen,P_unseen,0.7552553371570496,12577
deficit 2011-2016 -> 2017-2020,imbalanced,deficit,2,RF,E_unseen,P_unseen,0.731515113615419,5358
deficit 2011-2016 -> 2017-2020,imbalanced,deficit,2,GBM,E_seen,P_seen,0.7596180328273783,3894
deficit 2011-2016 -> 2017-2020,imbalanced,deficit,2,GBM,E_unseen,P_seen,0.7428836863941934,8378
deficit 2011-2016 -> 2017-2020,imbalanced,deficit,2,GBM,E_seen,P_unseen,0.749815132498225,12577
deficit 2011-2016 -> 2017-2020,imbalanced,deficit,2,GBM,E_unseen,P_unseen,0.7355513902419758,5358
deficit 2011-2016 -> 2017-2020,imbalanced,deficit,3,LogReg,E_seen,P_seen,0.7333778695344793,3883
deficit 2011-2016 -> 2017-2020,imbalanced,deficit,3,LogReg,E_unseen,P_seen,0.7371221401166244,8433
deficit 2011-2016 -> 2017-2020,imbalanced,deficit,3,LogReg,E_seen,P_unseen,0.736514250506124,12484
deficit 2011-2016 -> 2017-2020,imbalanced,deficit,3,LogReg,E_unseen,P_unseen,0.7353387196976623,5451
deficit 2011-2016 -> 2017-2020,imbalanced,deficit,3,RF,E_seen,P_seen,0.7668367381351084,3883
deficit 2011-2016 -> 2017-2020,imbalanced,deficit,3,RF,E_unseen,P_seen,0.740919565930094,8433
deficit 2011-2016 -> 2017-2020,imbalanced,deficit,3,RF,E_seen,P_unseen,0.7571501938493299,12484
deficit 2011-2016 -> 2017-2020,imbalanced,deficit,3,RF,E_unseen,P_unseen,0.7365036940931017,5451
deficit 2011-2016 -> 2017-2020,imbalanced,deficit,3,GBM,E_seen,P_seen,0.7493020652002627,3883
deficit 2011-2016 -> 2017-2020,imbalanced,deficit,3,GBM,E_unseen,P_seen,0.7510588718626844,8433
deficit 2011-2016 -> 2017-2020,imbalanced,deficit,3,GBM,E_seen,P_unseen,0.7491120972776848,12484
deficit 2011-2016 -> 2017-2020,imbalanced,deficit,3,GBM,E_unseen,P_unseen,0.7385090427664491,5451
deficit 2011-2016 -> 2017-2020,imbalanced,deficit,4,LogReg,E_seen,P_seen,0.7381710688360636,3899
deficit 2011-2016 -> 2017-2020,imbalanced,deficit,4,LogReg,E_unseen,P_seen,0.7313303611100418,8353
deficit 2011-2016 -> 2017-2020,imbalanced,deficit,4,LogReg,E_seen,P_unseen,0.7420892877628305,12584
deficit 2011-2016 -> 2017-2020,imbalanced,deficit,4,LogReg,E_unseen,P_unseen,0.7229489359856185,5351
deficit 2011-2016 -> 2017-2020,imbalanced,deficit,4,RF,E_seen,P_seen,0.7652990734298475,3899
deficit 2011-2016 -> 2017-2020,imbalanced,deficit,4,RF,E_unseen,P_seen,0.7355523268808253,8353
deficit 2011-2016 -> 2017-2020,imbalanced,deficit,4,RF,E_seen,P_unseen,0.7601563478307997,12584
deficit 2011-2016 -> 2017-2020,imbalanced,deficit,4,RF,E_unseen,P_unseen,0.7269741931980002,5351
deficit 2011-2016 -> 2017-2020,imbalanced,deficit,4,GBM,E_seen,P_seen,0.7540395593737869,3899
deficit 2011-2016 -> 2017-2020,imbalanced,deficit,4,GBM,E_unseen,P_seen,0.7450029689800457,8353
deficit 2011-2016 -> 2017-2020,imbalanced,deficit,4,GBM,E_seen,P_unseen,0.7511064635460766,12584
deficit 2011-2016 -> 2017-2020,imbalanced,deficit,4,GBM,E_unseen,P_unseen,0.7317380148303804,5351
deficit 2011-2018 -> 2021-2023,imbalanced,deficit,0,LogReg,E_seen,P_seen,0.7336416755021407,5155
deficit 2011-2018 -> 2021-2023,imbalanced,deficit,0,LogReg,E_unseen,P_seen,0.7383321382250013,11110
deficit 2011-2018 -> 2021-2023,imbalanced,deficit,0,LogReg,E_seen,P_unseen,0.6828084887256564,9225
deficit 2011-2018 -> 2021-2023,imbalanced,deficit,0,LogReg,E_unseen,P_unseen,0.6594217028128617,3954
deficit 2011-2018 -> 2021-2023,imbalanced,deficit,0,RF,E_seen,P_seen,0.7825438193655249,5155
deficit 2011-2018 -> 2021-2023,imbalanced,deficit,0,RF,E_unseen,P_seen,0.7443633072946715,11110
deficit 2011-2018 -> 2021-2023,imbalanced,deficit,0,RF,E_seen,P_unseen,0.6936687670194932,9225
deficit 2011-2018 -> 2021-2023,imbalanced,deficit,0,RF,E_unseen,P_unseen,0.6739323110844773,3954
deficit 2011-2018 -> 2021-2023,imbalanced,deficit,0,GBM,E_seen,P_seen,0.7571619364255022,5155
deficit 2011-2018 -> 2021-2023,imbalanced,deficit,0,GBM,E_unseen,P_seen,0.747813823919766,11110
deficit 2011-2018 -> 2021-2023,imbalanced,deficit,0,GBM,E_seen,P_unseen,0.6995101383250366,9225
deficit 2011-2018 -> 2021-2023,imbalanced,deficit,0,GBM,E_unseen,P_unseen,0.6779468660082433,3954
deficit 2011-2018 -> 2021-2023,imbalanced,deficit,1,LogReg,E_seen,P_seen,0.7289371209256069,5182
deficit 2011-2018 -> 2021-2023,imbalanced,deficit,1,LogReg,E_unseen,P_seen,0.7284126906311834,10978
deficit 2011-2018 -> 2021-2023,imbalanced,deficit,1,LogReg,E_seen,P_unseen,0.6734492672944139,9227
deficit 2011-2018 -> 2021-2023,imbalanced,deficit,1,LogReg,E_unseen,P_unseen,0.6787513507578691,3952
deficit 2011-2018 -> 2021-2023,imbalanced,deficit,1,RF,E_seen,P_seen,0.7690708562703983,5182
deficit 2011-2018 -> 2021-2023,imbalanced,deficit,1,RF,E_unseen,P_seen,0.7285945683689349,10978
deficit 2011-2018 -> 2021-2023,imbalanced,deficit,1,RF,E_seen,P_unseen,0.6880302086199789,9227
deficit 2011-2018 -> 2021-2023,imbalanced,deficit,1,RF,E_unseen,P_unseen,0.6772338790298813,3952
deficit 2011-2018 -> 2021-2023,imbalanced,deficit,1,GBM,E_seen,P_seen,0.746117682901206,5182
deficit 2011-2018 -> 2021-2023,imbalanced,deficit,1,GBM,E_unseen,P_seen,0.7379937031207523,10978
deficit 2011-2018 -> 2021-2023,imbalanced,deficit,1,GBM,E_seen,P_unseen,0.6879757789115324,9227
deficit 2011-2018 -> 2021-2023,imbalanced,deficit,1,GBM,E_unseen,P_unseen,0.6847498714251867,3952
deficit 2011-2018 -> 2021-2023,imbalanced,deficit,2,LogReg,E_seen,P_seen,0.7359259976363544,5160
deficit 2011-2018 -> 2021-2023,imbalanced,deficit,2,LogReg,E_unseen,P_seen,0.7273284253003933,11086
deficit 2011-2018 -> 2021-2023,imbalanced,deficit,2,LogReg,E_seen,P_unseen,0.6674528925056307,9238
deficit 2011-2018 -> 2021-2023,imbalanced,deficit,2,LogReg,E_unseen,P_unseen,0.6928868616356324,3941
deficit 2011-2018 -> 2021-2023,imbalanced,deficit,2,RF,E_seen,P_seen,0.7782260554069751,5160
deficit 2011-2018 -> 2021-2023,imbalanced,deficit,2,RF,E_unseen,P_seen,0.7320165291762799,11086
deficit 2011-2018 -> 2021-2023,imbalanced,deficit,2,RF,E_seen,P_unseen,0.6805751237483991,9238
deficit 2011-2018 -> 2021-2023,imbalanced,deficit,2,RF,E_unseen,P_unseen,0.6888559344065142,3941
deficit 2011-2018 -> 2021-2023,imbalanced,deficit,2,GBM,E_seen,P_seen,0.7537419288601067,5160
deficit 2011-2018 -> 2021-2023,imbalanced,deficit,2,GBM,E_unseen,P_seen,0.7414458329617174,11086
deficit 2011-2018 -> 2021-2023,imbalanced,deficit,2,GBM,E_seen,P_unseen,0.6814206401462608,9238
deficit 2011-2018 -> 2021-2023,imbalanced,deficit,2,GBM,E_unseen,P_unseen,0.7024545563465134,3941
deficit 2011-2018 -> 2021-2023,imbalanced,deficit,3,LogReg,E_seen,P_seen,0.7350316675357567,5140
deficit 2011-2018 -> 2021-2023,imbalanced,deficit,3,LogReg,E_unseen,P_seen,0.7365775644195575,11185
deficit 2011-2018 -> 2021-2023,imbalanced,deficit,3,LogReg,E_seen,P_unseen,0.6692105520534753,9165
deficit 2011-2018 -> 2021-2023,imbalanced,deficit,3,LogReg,E_unseen,P_unseen,0.6793025224873168,4014
deficit 2011-2018 -> 2021-2023,imbalanced,deficit,3,RF,E_seen,P_seen,0.7813713485374963,5140
deficit 2011-2018 -> 2021-2023,imbalanced,deficit,3,RF,E_unseen,P_seen,0.7411923868341883,11185
deficit 2011-2018 -> 2021-2023,imbalanced,deficit,3,RF,E_seen,P_unseen,0.6955319608748524,9165
deficit 2011-2018 -> 2021-2023,imbalanced,deficit,3,RF,E_unseen,P_unseen,0.6826347056451445,4014
deficit 2011-2018 -> 2021-2023,imbalanced,deficit,3,GBM,E_seen,P_seen,0.7527020017390934,5140
deficit 2011-2018 -> 2021-2023,imbalanced,deficit,3,GBM,E_unseen,P_seen,0.7508239592939816,11185
deficit 2011-2018 -> 2021-2023,imbalanced,deficit,3,GBM,E_seen,P_unseen,0.6898521818864811,9165
deficit 2011-2018 -> 2021-2023,imbalanced,deficit,3,GBM,E_unseen,P_unseen,0.6972889116152483,4014
deficit 2011-2018 -> 2021-2023,imbalanced,deficit,4,LogReg,E_seen,P_seen,0.7472951961015933,5167
deficit 2011-2018 -> 2021-2023,imbalanced,deficit,4,LogReg,E_unseen,P_seen,0.7285356878310021,11053
deficit 2011-2018 -> 2021-2023,imbalanced,deficit,4,LogReg,E_seen,P_unseen,0.6767666704166982,9255
deficit 2011-2018 -> 2021-2023,imbalanced,deficit,4,LogReg,E_unseen,P_unseen,0.6636002945411086,3924
deficit 2011-2018 -> 2021-2023,imbalanced,deficit,4,RF,E_seen,P_seen,0.7876390364728729,5167
deficit 2011-2018 -> 2021-2023,imbalanced,deficit,4,RF,E_unseen,P_seen,0.7326427097321085,11053
deficit 2011-2018 -> 2021-2023,imbalanced,deficit,4,RF,E_seen,P_unseen,0.6926700661139295,9255
deficit 2011-2018 -> 2021-2023,imbalanced,deficit,4,RF,E_unseen,P_unseen,0.6795762677971525,3924
deficit 2011-2018 -> 2021-2023,imbalanced,deficit,4,GBM,E_seen,P_seen,0.7666354665590289,5167
deficit 2011-2018 -> 2021-2023,imbalanced,deficit,4,GBM,E_unseen,P_seen,0.7418137237426372,11053
deficit 2011-2018 -> 2021-2023,imbalanced,deficit,4,GBM,E_seen,P_unseen,0.692521538699018,9255
deficit 2011-2018 -> 2021-2023,imbalanced,deficit,4,GBM,E_unseen,P_unseen,0.6785996593486219,3924
exit    2011-2016 -> 2017-2020,imbalanced,is_exiter,0,LogReg,E_seen,P_seen,0.6235975082227493,3890
exit    2011-2016 -> 2017-2020,imbalanced,is_exiter,0,LogReg,E_unseen,P_seen,0.6430638200916453,8399
exit    2011-2016 -> 2017-2020,imbalanced,is_exiter,0,LogReg,E_seen,P_unseen,0.6638500154543767,12549
exit    2011-2016 -> 2017-2020,imbalanced,is_exiter,0,LogReg,E_unseen,P_unseen,0.6400938000457561,5386
exit    2011-2016 -> 2017-2020,imbalanced,is_exiter,0,RF,E_seen,P_seen,0.8520386830498645,3890
exit    2011-2016 -> 2017-2020,imbalanced,is_exiter,0,RF,E_unseen,P_seen,0.7003315191974462,8399
exit    2011-2016 -> 2017-2020,imbalanced,is_exiter,0,RF,E_seen,P_unseen,0.7995144659930463,12549
exit    2011-2016 -> 2017-2020,imbalanced,is_exiter,0,RF,E_unseen,P_unseen,0.7141996492030809,5386
exit    2011-2016 -> 2017-2020,imbalanced,is_exiter,0,GBM,E_seen,P_seen,0.7851336674457484,3890
exit    2011-2016 -> 2017-2020,imbalanced,is_exiter,0,GBM,E_unseen,P_seen,0.7183822826915616,8399
exit    2011-2016 -> 2017-2020,imbalanced,is_exiter,0,GBM,E_seen,P_unseen,0.7655616687268499,12549
exit    2011-2016 -> 2017-2020,imbalanced,is_exiter,0,GBM,E_unseen,P_unseen,0.7269166730216834,5386
exit    2011-2016 -> 2017-2020,imbalanced,is_exiter,1,LogReg,E_seen,P_seen,0.6677527126358581,3913
exit    2011-2016 -> 2017-2020,imbalanced,is_exiter,1,LogReg,E_unseen,P_seen,0.6502347238542892,8285
exit    2011-2016 -> 2017-2020,imbalanced,is_exiter,1,LogReg,E_seen,P_unseen,0.6501119172950159,12590
exit    2011-2016 -> 2017-2020,imbalanced,is_exiter,1,LogReg,E_unseen,P_unseen,0.6860215771676336,5345
exit    2011-2016 -> 2017-2020,imbalanced,is_exiter,1,RF,E_seen,P_seen,0.8543920190495653,3913
exit    2011-2016 -> 2017-2020,imbalanced,is_exiter,1,RF,E_unseen,P_seen,0.7198710340775558,8285
exit    2011-2016 -> 2017-2020,imbalanced,is_exiter,1,RF,E_seen,P_unseen,0.798984801062266,12590
exit    2011-2016 -> 2017-2020,imbalanced,is_exiter,1,RF,E_unseen,P_unseen,0.7068571196667466,5345
exit    2011-2016 -> 2017-2020,imbalanced,is_exiter,1,GBM,E_seen,P_seen,0.7984219566676712,3913
exit    2011-2016 -> 2017-2020,imbalanced,is_exiter,1,GBM,E_unseen,P_seen,0.7443881462984724,8285
exit    2011-2016 -> 2017-2020,imbalanced,is_exiter,1,GBM,E_seen,P_unseen,0.7681147745056196,12590
exit    2011-2016 -> 2017-2020,imbalanced,is_exiter,1,GBM,E_unseen,P_unseen,0.7482388857687832,5345
exit    2011-2016 -> 2017-2020,imbalanced,is_exiter,2,LogReg,E_seen,P_seen,0.6318455798795286,3894
exit    2011-2016 -> 2017-2020,imbalanced,is_exiter,2,LogReg,E_unseen,P_seen,0.6432015025766761,8378
exit    2011-2016 -> 2017-2020,imbalanced,is_exiter,2,LogReg,E_seen,P_unseen,0.666394064395183,12577
exit    2011-2016 -> 2017-2020,imbalanced,is_exiter,2,LogReg,E_unseen,P_unseen,0.651051028163617,5358
exit    2011-2016 -> 2017-2020,imbalanced,is_exiter,2,RF,E_seen,P_seen,0.8332164474750987,3894
exit    2011-2016 -> 2017-2020,imbalanced,is_exiter,2,RF,E_unseen,P_seen,0.7030228076473675,8378
exit    2011-2016 -> 2017-2020,imbalanced,is_exiter,2,RF,E_seen,P_unseen,0.7988328680803639,12577
exit    2011-2016 -> 2017-2020,imbalanced,is_exiter,2,RF,E_unseen,P_unseen,0.7080056258075806,5358
exit    2011-2016 -> 2017-2020,imbalanced,is_exiter,2,GBM,E_seen,P_seen,0.7701834963396154,3894
exit    2011-2016 -> 2017-2020,imbalanced,is_exiter,2,GBM,E_unseen,P_seen,0.7199633586834973,8378
exit    2011-2016 -> 2017-2020,imbalanced,is_exiter,2,GBM,E_seen,P_unseen,0.7693826772204279,12577
exit    2011-2016 -> 2017-2020,imbalanced,is_exiter,2,GBM,E_unseen,P_unseen,0.7219932239081297,5358
exit    2011-2016 -> 2017-2020,imbalanced,is_exiter,3,LogReg,E_seen,P_seen,0.6696367760195044,3883
exit    2011-2016 -> 2017-2020,imbalanced,is_exiter,3,LogReg,E_unseen,P_seen,0.6245547139159242,8433
exit    2011-2016 -> 2017-2020,imbalanced,is_exiter,3,LogReg,E_seen,P_unseen,0.676422475178909,12484
exit    2011-2016 -> 2017-2020,imbalanced,is_exiter,3,LogReg,E_unseen,P_unseen,0.6175654245214462,5451
exit    2011-2016 -> 2017-2020,imbalanced,is_exiter,3,RF,E_seen,P_seen,0.8504794399670569,3883
exit    2011-2016 -> 2017-2020,imbalanced,is_exiter,3,RF,E_unseen,P_seen,0.7124922166683793,8433
exit    2011-2016 -> 2017-2020,imbalanced,is_exiter,3,RF,E_seen,P_unseen,0.8034355469970323,12484
exit    2011-2016 -> 2017-2020,imbalanced,is_exiter,3,RF,E_unseen,P_unseen,0.673783503258525,5451
exit    2011-2016 -> 2017-2020,imbalanced,is_exiter,3,GBM,E_seen,P_seen,0.7880006013425624,3883
exit    2011-2016 -> 2017-2020,imbalanced,is_exiter,3,GBM,E_unseen,P_seen,0.7277249918038,8433
exit    2011-2016 -> 2017-2020,imbalanced,is_exiter,3,GBM,E_seen,P_unseen,0.7733175853639218,12484
exit    2011-2016 -> 2017-2020,imbalanced,is_exiter,3,GBM,E_unseen,P_unseen,0.6925147170607293,5451
exit    2011-2016 -> 2017-2020,imbalanced,is_exiter,4,LogReg,E_seen,P_seen,0.6157473424734055,3899
exit    2011-2016 -> 2017-2020,imbalanced,is_exiter,4,LogReg,E_unseen,P_seen,0.6791099387987232,8353
exit    2011-2016 -> 2017-2020,imbalanced,is_exiter,4,LogReg,E_seen,P_unseen,0.6373010470859153,12584
exit    2011-2016 -> 2017-2020,imbalanced,is_exiter,4,LogReg,E_unseen,P_unseen,0.7078295153087397,5351
exit    2011-2016 -> 2017-2020,imbalanced,is_exiter,4,RF,E_seen,P_seen,0.8468551053850067,3899
exit    2011-2016 -> 2017-2020,imbalanced,is_exiter,4,RF,E_unseen,P_seen,0.7429045558082552,8353
exit    2011-2016 -> 2017-2020,imbalanced,is_exiter,4,RF,E_seen,P_unseen,0.7861562146366079,12584
exit    2011-2016 -> 2017-2020,imbalanced,is_exiter,4,RF,E_unseen,P_unseen,0.7414395904700614,5351
exit    2011-2016 -> 2017-2020,imbalanced,is_exiter,4,GBM,E_seen,P_seen,0.7729699725439099,3899
exit    2011-2016 -> 2017-2020,imbalanced,is_exiter,4,GBM,E_unseen,P_seen,0.7610050695047759,8353
exit    2011-2016 -> 2017-2020,imbalanced,is_exiter,4,GBM,E_seen,P_unseen,0.7570187801383184,12584
exit    2011-2016 -> 2017-2020,imbalanced,is_exiter,4,GBM,E_unseen,P_unseen,0.7606856055609519,5351
deficit 2011-2018 -> 2019-2023,balanced,deficit,0,LogReg,E_seen,P_seen,0.7194815332745872,4310
deficit 2011-2018 -> 2019-2023,balanced,deficit,0,LogReg,E_unseen,P_seen,0.7306848131984003,9240
deficit 2011-2018 -> 2019-2023,balanced,deficit,0,LogReg,E_seen,P_unseen,0.687199228521419,13470
deficit 2011-2018 -> 2019-2023,balanced,deficit,0,LogReg,E_unseen,P_unseen,0.673543328795786,5775
deficit 2011-2018 -> 2019-2023,balanced,deficit,0,RF,E_seen,P_seen,0.7678183360365076,4310
deficit 2011-2018 -> 2019-2023,balanced,deficit,0,RF,E_unseen,P_seen,0.7213917717007955,9240
deficit 2011-2018 -> 2019-2023,balanced,deficit,0,RF,E_seen,P_unseen,0.7066952868347957,13470
deficit 2011-2018 -> 2019-2023,balanced,deficit,0,RF,E_unseen,P_unseen,0.6773061954641892,5775
deficit 2011-2018 -> 2019-2023,balanced,deficit,0,GBM,E_seen,P_seen,0.7387714497954527,4310
deficit 2011-2018 -> 2019-2023,balanced,deficit,0,GBM,E_unseen,P_seen,0.736451675933185,9240
deficit 2011-2018 -> 2019-2023,balanced,deficit,0,GBM,E_seen,P_unseen,0.7041795318216416,13470
deficit 2011-2018 -> 2019-2023,balanced,deficit,0,GBM,E_unseen,P_unseen,0.6914470551357357,5775
deficit 2011-2018 -> 2019-2023,balanced,deficit,1,LogReg,E_seen,P_seen,0.715410702578268,4310
deficit 2011-2018 -> 2019-2023,balanced,deficit,1,LogReg,E_unseen,P_seen,0.7220510850080553,9240
deficit 2011-2018 -> 2019-2023,balanced,deficit,1,LogReg,E_seen,P_unseen,0.6775348665676519,13470
deficit 2011-2018 -> 2019-2023,balanced,deficit,1,LogReg,E_unseen,P_unseen,0.6858226316143348,5775
deficit 2011-2018 -> 2019-2023,balanced,deficit,1,RF,E_seen,P_seen,0.7653041480454535,4310
deficit 2011-2018 -> 2019-2023,balanced,deficit,1,RF,E_unseen,P_seen,0.7210338020285756,9240
deficit 2011-2018 -> 2019-2023,balanced,deficit,1,RF,E_seen,P_unseen,0.6964802721188607,13470
deficit 2011-2018 -> 2019-2023,balanced,deficit,1,RF,E_unseen,P_unseen,0.6795333826396825,5775
deficit 2011-2018 -> 2019-2023,balanced,deficit,1,GBM,E_seen,P_seen,0.7379607869658084,4310
deficit 2011-2018 -> 2019-2023,balanced,deficit,1,GBM,E_unseen,P_seen,0.7318742918516614,9240
deficit 2011-2018 -> 2019-2023,balanced,deficit,1,GBM,E_seen,P_unseen,0.6912907105705085,13470
deficit 2011-2018 -> 2019-2023,balanced,deficit,1,GBM,E_unseen,P_unseen,0.6860168687479923,5775
deficit 2011-2018 -> 2019-2023,balanced,deficit,2,LogReg,E_seen,P_seen,0.7391345707267123,4310
deficit 2011-2018 -> 2019-2023,balanced,deficit,2,LogReg,E_unseen,P_seen,0.7250745682005117,9240
deficit 2011-2018 -> 2019-2023,balanced,deficit,2,LogReg,E_seen,P_unseen,0.6775976420060091,13470
deficit 2011-2018 -> 2019-2023,balanced,deficit,2,LogReg,E_unseen,P_unseen,0.6841594091749666,5775
deficit 2011-2018 -> 2019-2023,balanced,deficit,2,RF,E_seen,P_seen,0.7841558863051905,4310
deficit 2011-2018 -> 2019-2023,balanced,deficit,2,RF,E_unseen,P_seen,0.7220026927166522,9240
deficit 2011-2018 -> 2019-2023,balanced,deficit,2,RF,E_seen,P_unseen,0.702035417510493,13470
deficit 2011-2018 -> 2019-2023,balanced,deficit,2,RF,E_unseen,P_unseen,0.6907425202542,5775
deficit 2011-2018 -> 2019-2023,balanced,deficit,2,GBM,E_seen,P_seen,0.7616341703684815,4310
deficit 2011-2018 -> 2019-2023,balanced,deficit,2,GBM,E_unseen,P_seen,0.7316063274149356,9240
deficit 2011-2018 -> 2019-2023,balanced,deficit,2,GBM,E_seen,P_unseen,0.6981473678320385,13470
deficit 2011-2018 -> 2019-2023,balanced,deficit,2,GBM,E_unseen,P_unseen,0.6938638026483537,5775
deficit 2011-2018 -> 2019-2023,balanced,deficit,3,LogReg,E_seen,P_seen,0.7119737800357355,4310
deficit 2011-2018 -> 2019-2023,balanced,deficit,3,LogReg,E_unseen,P_seen,0.724805153489956,9240
deficit 2011-2018 -> 2019-2023,balanced,deficit,3,LogReg,E_seen,P_unseen,0.6799145773542288,13470
deficit 2011-2018 -> 2019-2023,balanced,deficit,3,LogReg,E_unseen,P_unseen,0.6949607242826644,5775
deficit 2011-2018 -> 2019-2023,balanced,deficit,3,RF,E_seen,P_seen,0.7560347580191887,4310
deficit 2011-2018 -> 2019-2023,balanced,deficit,3,RF,E_unseen,P_seen,0.7205808443764754,9240
deficit 2011-2018 -> 2019-2023,balanced,deficit,3,RF,E_seen,P_unseen,0.7009687585844891,13470
deficit 2011-2018 -> 2019-2023,balanced,deficit,3,RF,E_unseen,P_unseen,0.7064024731886401,5775
deficit 2011-2018 -> 2019-2023,balanced,deficit,3,GBM,E_seen,P_seen,0.7321382097640883,4310
deficit 2011-2018 -> 2019-2023,balanced,deficit,3,GBM,E_unseen,P_seen,0.73211453114492,9240
deficit 2011-2018 -> 2019-2023,balanced,deficit,3,GBM,E_seen,P_unseen,0.6961518506288589,13470
deficit 2011-2018 -> 2019-2023,balanced,deficit,3,GBM,E_unseen,P_unseen,0.7139874128423961,5775
deficit 2011-2018 -> 2019-2023,balanced,deficit,4,LogReg,E_seen,P_seen,0.7393567858814495,4310
deficit 2011-2018 -> 2019-2023,balanced,deficit,4,LogReg,E_unseen,P_seen,0.7098067697283568,9240
deficit 2011-2018 -> 2019-2023,balanced,deficit,4,LogReg,E_seen,P_unseen,0.6876480337531224,13470
deficit 2011-2018 -> 2019-2023,balanced,deficit,4,LogReg,E_unseen,P_unseen,0.67436696752187,5775
deficit 2011-2018 -> 2019-2023,balanced,deficit,4,RF,E_seen,P_seen,0.774952708809211,4310
deficit 2011-2018 -> 2019-2023,balanced,deficit,4,RF,E_unseen,P_seen,0.7059588700995454,9240
deficit 2011-2018 -> 2019-2023,balanced,deficit,4,RF,E_seen,P_unseen,0.706974869425754,13470
deficit 2011-2018 -> 2019-2023,balanced,deficit,4,RF,E_unseen,P_unseen,0.6752109719407902,5775
deficit 2011-2018 -> 2019-2023,balanced,deficit,4,GBM,E_seen,P_seen,0.7525341499556746,4310
deficit 2011-2018 -> 2019-2023,balanced,deficit,4,GBM,E_unseen,P_seen,0.7193531526728321,9240
deficit 2011-2018 -> 2019-2023,balanced,deficit,4,GBM,E_seen,P_unseen,0.7030928362597022,13470
deficit 2011-2018 -> 2019-2023,balanced,deficit,4,GBM,E_unseen,P_unseen,0.681746683768401,5775
deficit 2011-2016 -> 2017-2020,balanced,deficit,0,LogReg,E_seen,P_seen,0.7339175112612613,3232
deficit 2011-2016 -> 2017-2020,balanced,deficit,0,LogReg,E_unseen,P_seen,0.7254729750281352,6930
deficit 2011-2016 -> 2017-2020,balanced,deficit,0,LogReg,E_seen,P_unseen,0.7248202982465533,10776
deficit 2011-2016 -> 2017-2020,balanced,deficit,0,LogReg,E_unseen,P_unseen,0.7365255610085473,4620
deficit 2011-2016 -> 2017-2020,balanced,deficit,0,RF,E_seen,P_seen,0.7668019582082082,3232
deficit 2011-2016 -> 2017-2020,balanced,deficit,0,RF,E_unseen,P_seen,0.7160019098964827,6930
deficit 2011-2016 -> 2017-2020,balanced,deficit,0,RF,E_seen,P_unseen,0.7429034151889338,10776
deficit 2011-2016 -> 2017-2020,balanced,deficit,0,RF,E_unseen,P_unseen,0.7369339555070751,4620
deficit 2011-2016 -> 2017-2020,balanced,deficit,0,GBM,E_seen,P_seen,0.7434649004473223,3232
deficit 2011-2016 -> 2017-2020,balanced,deficit,0,GBM,E_unseen,P_seen,0.7285457179622363,6930
deficit 2011-2016 -> 2017-2020,balanced,deficit,0,GBM,E_seen,P_unseen,0.7359912051228272,10776
deficit 2011-2016 -> 2017-2020,balanced,deficit,0,GBM,E_unseen,P_unseen,0.7448965684544284,4620
deficit 2011-2016 -> 2017-2020,balanced,deficit,1,LogReg,E_seen,P_seen,0.7315650194960442,3232
deficit 2011-2016 -> 2017-2020,balanced,deficit,1,LogReg,E_unseen,P_seen,0.7229648141300199,6930
deficit 2011-2016 -> 2017-2020,balanced,deficit,1,LogReg,E_seen,P_unseen,0.7268344977844386,10776
deficit 2011-2016 -> 2017-2020,balanced,deficit,1,LogReg,E_unseen,P_unseen,0.7261482334003185,4620
deficit 2011-2016 -> 2017-2020,balanced,deficit,1,RF,E_seen,P_seen,0.7523597001304765,3232
deficit 2011-2016 -> 2017-2020,balanced,deficit,1,RF,E_unseen,P_seen,0.7162502952757747,6930
deficit 2011-2016 -> 2017-2020,balanced,deficit,1,RF,E_seen,P_unseen,0.7442333464722113,10776
deficit 2011-2016 -> 2017-2020,balanced,deficit,1,RF,E_unseen,P_unseen,0.7136373855757459,4620
deficit 2011-2016 -> 2017-2020,balanced,deficit,1,GBM,E_seen,P_seen,0.7381899506753852,3232
deficit 2011-2016 -> 2017-2020,balanced,deficit,1,GBM,E_unseen,P_seen,0.734092598702976,6930
deficit 2011-2016 -> 2017-2020,balanced,deficit,1,GBM,E_seen,P_unseen,0.7392293831513381,10776
deficit 2011-2016 -> 2017-2020,balanced,deficit,1,GBM,E_unseen,P_unseen,0.7297937965192272,4620
deficit 2011-2016 -> 2017-2020,balanced,deficit,2,LogReg,E_seen,P_seen,0.7294756191653976,3232
deficit 2011-2016 -> 2017-2020,balanced,deficit,2,LogReg,E_unseen,P_seen,0.7241598060330438,6930
deficit 2011-2016 -> 2017-2020,balanced,deficit,2,LogReg,E_seen,P_unseen,0.7214372644079176,10776
deficit 2011-2016 -> 2017-2020,balanced,deficit,2,LogReg,E_unseen,P_unseen,0.7375416215845538,4620
deficit 2011-2016 -> 2017-2020,balanced,deficit,2,RF,E_seen,P_seen,0.7664740478665379,3232
deficit 2011-2016 -> 2017-2020,balanced,deficit,2,RF,E_unseen,P_seen,0.7190450697188175,6930
deficit 2011-2016 -> 2017-2020,balanced,deficit,2,RF,E_seen,P_unseen,0.7429981235176615,10776
deficit 2011-2016 -> 2017-2020,balanced,deficit,2,RF,E_unseen,P_unseen,0.7376237694488046,4620
deficit 2011-2016 -> 2017-2020,balanced,deficit,2,GBM,E_seen,P_seen,0.7476743145770962,3232
deficit 2011-2016 -> 2017-2020,balanced,deficit,2,GBM,E_unseen,P_seen,0.7258854188324135,6930
deficit 2011-2016 -> 2017-2020,balanced,deficit,2,GBM,E_seen,P_unseen,0.7343905834704468,10776
deficit 2011-2016 -> 2017-2020,balanced,deficit,2,GBM,E_unseen,P_unseen,0.7429799292528307,4620
deficit 2011-2016 -> 2017-2020,balanced,deficit,3,LogReg,E_seen,P_seen,0.7396853310683231,3232
deficit 2011-2016 -> 2017-2020,balanced,deficit,3,LogReg,E_unseen,P_seen,0.7229637995983524,6930
deficit 2011-2016 -> 2017-2020,balanced,deficit,3,LogReg,E_seen,P_unseen,0.7221252959168998,10776
deficit 2011-2016 -> 2017-2020,balanced,deficit,3,LogReg,E_unseen,P_unseen,0.7415354346942502,4620
deficit 2011-2016 -> 2017-2020,balanced,deficit,3,RF,E_seen,P_seen,0.7871717878626558,3232
deficit 2011-2016 -> 2017-2020,balanced,deficit,3,RF,E_unseen,P_seen,0.7156798687523029,6930
deficit 2011-2016 -> 2017-2020,balanced,deficit,3,RF,E_seen,P_unseen,0.7390112903542546,10776
deficit 2011-2016 -> 2017-2020,balanced,deficit,3,RF,E_unseen,P_unseen,0.7373514841278724,4620
deficit 2011-2016 -> 2017-2020,balanced,deficit,3,GBM,E_seen,P_seen,0.7652671356194782,3232
deficit 2011-2016 -> 2017-2020,balanced,deficit,3,GBM,E_unseen,P_seen,0.7292542259192349,6930
deficit 2011-2016 -> 2017-2020,balanced,deficit,3,GBM,E_seen,P_unseen,0.7342980491112806,10776
deficit 2011-2016 -> 2017-2020,balanced,deficit,3,GBM,E_unseen,P_unseen,0.7479352980331404,4620
deficit 2011-2016 -> 2017-2020,balanced,deficit,4,LogReg,E_seen,P_seen,0.735050445877099,3232
deficit 2011-2016 -> 2017-2020,balanced,deficit,4,LogReg,E_unseen,P_seen,0.7044913088021421,6930
deficit 2011-2016 -> 2017-2020,balanced,deficit,4,LogReg,E_seen,P_unseen,0.7343312014522121,10776
deficit 2011-2016 -> 2017-2020,balanced,deficit,4,LogReg,E_unseen,P_unseen,0.7161875733905873,4620
deficit 2011-2016 -> 2017-2020,balanced,deficit,4,RF,E_seen,P_seen,0.7597272966409062,3232
deficit 2011-2016 -> 2017-2020,balanced,deficit,4,RF,E_unseen,P_seen,0.7050630198918082,6930
deficit 2011-2016 -> 2017-2020,balanced,deficit,4,RF,E_seen,P_unseen,0.7533286896318812,10776
deficit 2011-2016 -> 2017-2020,balanced,deficit,4,RF,E_unseen,P_unseen,0.7061015373619708,4620
deficit 2011-2016 -> 2017-2020,balanced,deficit,4,GBM,E_seen,P_seen,0.7490350310502603,3232
deficit 2011-2016 -> 2017-2020,balanced,deficit,4,GBM,E_unseen,P_seen,0.7123666184435866,6930
deficit 2011-2016 -> 2017-2020,balanced,deficit,4,GBM,E_seen,P_unseen,0.7441878755417651,10776
deficit 2011-2016 -> 2017-2020,balanced,deficit,4,GBM,E_unseen,P_unseen,0.7200649358244895,4620
deficit 2011-2018 -> 2021-2023,balanced,deficit,0,LogReg,E_seen,P_seen,0.7194815332745872,4310
deficit 2011-2018 -> 2021-2023,balanced,deficit,0,LogReg,E_unseen,P_seen,0.7306848131984003,9240
deficit 2011-2018 -> 2021-2023,balanced,deficit,0,LogReg,E_seen,P_unseen,0.6732283453482099,8082
deficit 2011-2018 -> 2021-2023,balanced,deficit,0,LogReg,E_unseen,P_unseen,0.6540369634669057,3465
deficit 2011-2018 -> 2021-2023,balanced,deficit,0,RF,E_seen,P_seen,0.7678183360365076,4310
deficit 2011-2018 -> 2021-2023,balanced,deficit,0,RF,E_unseen,P_seen,0.7213917717007955,9240
deficit 2011-2018 -> 2021-2023,balanced,deficit,0,RF,E_seen,P_unseen,0.6871735373516066,8082
deficit 2011-2018 -> 2021-2023,balanced,deficit,0,RF,E_unseen,P_unseen,0.6567372290531119,3465
deficit 2011-2018 -> 2021-2023,balanced,deficit,0,GBM,E_seen,P_seen,0.7387714497954527,4310
deficit 2011-2018 -> 2021-2023,balanced,deficit,0,GBM,E_unseen,P_seen,0.736451675933185,9240
deficit 2011-2018 -> 2021-2023,balanced,deficit,0,GBM,E_seen,P_unseen,0.6913903817543561,8082
deficit 2011-2018 -> 2021-2023,balanced,deficit,0,GBM,E_unseen,P_unseen,0.6731401564977537,3465
deficit 2011-2018 -> 2021-2023,balanced,deficit,1,LogReg,E_seen,P_seen,0.715410702578268,4310
deficit 2011-2018 -> 2021-2023,balanced,deficit,1,LogReg,E_unseen,P_seen,0.7220510850080553,9240
deficit 2011-2018 -> 2021-2023,balanced,deficit,1,LogReg,E_seen,P_unseen,0.6608709603403551,8082
deficit 2011-2018 -> 2021-2023,balanced,deficit,1,LogReg,E_unseen,P_unseen,0.6706746557894284,3465
deficit 2011-2018 -> 2021-2023,balanced,deficit,1,RF,E_seen,P_seen,0.7653041480454535,4310
deficit 2011-2018 -> 2021-2023,balanced,deficit,1,RF,E_unseen,P_seen,0.7210338020285756,9240
deficit 2011-2018 -> 2021-2023,balanced,deficit,1,RF,E_seen,P_unseen,0.6738132845710443,8082
deficit 2011-2018 -> 2021-2023,balanced,deficit,1,RF,E_unseen,P_unseen,0.6625581613047775,3465
deficit 2011-2018 -> 2021-2023,balanced,deficit,1,GBM,E_seen,P_seen,0.7379607869658084,4310
deficit 2011-2018 -> 2021-2023,balanced,deficit,1,GBM,E_unseen,P_seen,0.7318742918516614,9240
deficit 2011-2018 -> 2021-2023,balanced,deficit,1,GBM,E_seen,P_unseen,0.674747229534814,8082
deficit 2011-2018 -> 2021-2023,balanced,deficit,1,GBM,E_unseen,P_unseen,0.6701151026032939,3465
deficit 2011-2018 -> 2021-2023,balanced,deficit,2,LogReg,E_seen,P_seen,0.7391345707267123,4310
deficit 2011-2018 -> 2021-2023,balanced,deficit,2,LogReg,E_unseen,P_seen,0.7250745682005117,9240
deficit 2011-2018 -> 2021-2023,balanced,deficit,2,LogReg,E_seen,P_unseen,0.6658789981878062,8082
deficit 2011-2018 -> 2021-2023,balanced,deficit,2,LogReg,E_unseen,P_unseen,0.6571426712451451,3465
deficit 2011-2018 -> 2021-2023,balanced,deficit,2,RF,E_seen,P_seen,0.7841558863051905,4310
deficit 2011-2018 -> 2021-2023,balanced,deficit,2,RF,E_unseen,P_seen,0.7220026927166522,9240
deficit 2011-2018 -> 2021-2023,balanced,deficit,2,RF,E_seen,P_unseen,0.6857244848151618,8082
deficit 2011-2018 -> 2021-2023,balanced,deficit,2,RF,E_unseen,P_unseen,0.665455962253579,3465
deficit 2011-2018 -> 2021-2023,balanced,deficit,2,GBM,E_seen,P_seen,0.7616341703684815,4310
deficit 2011-2018 -> 2021-2023,balanced,deficit,2,GBM,E_unseen,P_seen,0.7316063274149356,9240
deficit 2011-2018 -> 2021-2023,balanced,deficit,2,GBM,E_seen,P_unseen,0.6869185410436666,8082
deficit 2011-2018 -> 2021-2023,balanced,deficit,2,GBM,E_unseen,P_unseen,0.6672616851474509,3465
deficit 2011-2018 -> 2021-2023,balanced,deficit,3,LogReg,E_seen,P_seen,0.7119737800357355,4310
deficit 2011-2018 -> 2021-2023,balanced,deficit,3,LogReg,E_unseen,P_seen,0.724805153489956,9240
deficit 2011-2018 -> 2021-2023,balanced,deficit,3,LogReg,E_seen,P_unseen,0.6674257965272218,8082
deficit 2011-2018 -> 2021-2023,balanced,deficit,3,LogReg,E_unseen,P_unseen,0.6702843198611746,3465
deficit 2011-2018 -> 2021-2023,balanced,deficit,3,RF,E_seen,P_seen,0.7560347580191887,4310
deficit 2011-2018 -> 2021-2023,balanced,deficit,3,RF,E_unseen,P_seen,0.7205808443764754,9240
deficit 2011-2018 -> 2021-2023,balanced,deficit,3,RF,E_seen,P_unseen,0.682554637375943,8082
deficit 2011-2018 -> 2021-2023,balanced,deficit,3,RF,E_unseen,P_unseen,0.685253145738548,3465
deficit 2011-2018 -> 2021-2023,balanced,deficit,3,GBM,E_seen,P_seen,0.7321382097640883,4310
deficit 2011-2018 -> 2021-2023,balanced,deficit,3,GBM,E_unseen,P_seen,0.73211453114492,9240
deficit 2011-2018 -> 2021-2023,balanced,deficit,3,GBM,E_seen,P_unseen,0.6833620026118137,8082
deficit 2011-2018 -> 2021-2023,balanced,deficit,3,GBM,E_unseen,P_unseen,0.6925440274122397,3465
deficit 2011-2018 -> 2021-2023,balanced,deficit,4,LogReg,E_seen,P_seen,0.7393567858814495,4310
deficit 2011-2018 -> 2021-2023,balanced,deficit,4,LogReg,E_unseen,P_seen,0.7098067697283568,9240
deficit 2011-2018 -> 2021-2023,balanced,deficit,4,LogReg,E_seen,P_unseen,0.6683619463418069,8082
deficit 2011-2018 -> 2021-2023,balanced,deficit,4,LogReg,E_unseen,P_unseen,0.6652624761881651,3465
deficit 2011-2018 -> 2021-2023,balanced,deficit,4,RF,E_seen,P_seen,0.774952708809211,4310
deficit 2011-2018 -> 2021-2023,balanced,deficit,4,RF,E_unseen,P_seen,0.7059588700995454,9240
deficit 2011-2018 -> 2021-2023,balanced,deficit,4,RF,E_seen,P_unseen,0.6813507499471869,8082
deficit 2011-2018 -> 2021-2023,balanced,deficit,4,RF,E_unseen,P_unseen,0.6650273911935645,3465
deficit 2011-2018 -> 2021-2023,balanced,deficit,4,GBM,E_seen,P_seen,0.7525341499556746,4310
deficit 2011-2018 -> 2021-2023,balanced,deficit,4,GBM,E_unseen,P_seen,0.7193531526728321,9240
deficit 2011-2018 -> 2021-2023,balanced,deficit,4,GBM,E_seen,P_unseen,0.6858036405886909,8082
deficit 2011-2018 -> 2021-2023,balanced,deficit,4,GBM,E_unseen,P_unseen,0.6710569421357245,3465
