panel,cutoff,seed,model,year,elapsed,auc,baseline,delta,n,n_baseline
imbalanced,2018,0,LogReg,2019,1,0.7216202603745026,0.7382989505599692,-0.016678690185466638,1344,11110
imbalanced,2018,0,LogReg,2020,2,0.7245012577854905,0.7382989505599692,-0.013797692774478731,1331,11110
imbalanced,2018,0,LogReg,2021,3,0.616079933582883,0.7382989505599692,-0.12221901697708615,1322,11110
imbalanced,2018,0,LogReg,2022,4,0.6527130681818181,0.7382989505599692,-0.08558588237815112,1318,11110
imbalanced,2018,0,LogReg,2023,5,0.7074516584203294,0.7382989505599692,-0.03084729213963977,1314,11110
imbalanced,2018,0,RF,2019,1,0.7276641975829524,0.7424023278334186,-0.01473813025046622,1344,11110
imbalanced,2018,0,RF,2020,2,0.731614135625597,0.7424023278334186,-0.010788192207821679,1331,11110
imbalanced,2018,0,RF,2021,3,0.6491952750629943,0.7424023278334186,-0.09320705277042429,1322,11110
imbalanced,2018,0,RF,2022,4,0.6840269886363637,0.7424023278334186,-0.058375339197054954,1318,11110
imbalanced,2018,0,RF,2023,5,0.7000023648551,0.7424023278334186,-0.042399962978318606,1314,11110
imbalanced,2018,0,GBM,2019,1,0.7308628432347195,0.7466500657863339,-0.015787222551614355,1344,11110
imbalanced,2018,0,GBM,2020,2,0.7190631852240473,0.7466500657863339,-0.02758688056228653,1331,11110
imbalanced,2018,0,GBM,2021,3,0.638623883944827,0.7466500657863339,-0.10802618184150681,1322,11110
imbalanced,2018,0,GBM,2022,4,0.6717223011363636,0.7466500657863339,-0.07492776464997031,1318,11110
imbalanced,2018,0,GBM,2023,5,0.7100254090542418,0.7466500657863339,-0.03662465673209203,1314,11110
imbalanced,2018,1,LogReg,2019,1,0.7225012261958075,0.7284192580091395,-0.005918031813332059,1330,10978
imbalanced,2018,1,LogReg,2020,2,0.7508622911349057,0.7284192580091395,0.02244303312576612,1322,10978
imbalanced,2018,1,LogReg,2021,3,0.6380328135814028,0.7284192580091395,-0.09038644442773669,1320,10978
imbalanced,2018,1,LogReg,2022,4,0.6753165159447883,0.7284192580091395,-0.05310274206435128,1314,10978
imbalanced,2018,1,LogReg,2023,5,0.7154466499636722,0.7284192580091395,-0.012972608045467293,1318,10978
imbalanced,2018,1,RF,2019,1,0.7353736165312519,0.7293646900133863,0.006008926517865554,1330,10978
imbalanced,2018,1,RF,2020,2,0.7481756849786589,0.7293646900133863,0.01881099496527261,1322,10978
imbalanced,2018,1,RF,2021,3,0.6479664536090869,0.7293646900133863,-0.08139823640429944,1320,10978
imbalanced,2018,1,RF,2022,4,0.6787720133269871,0.7293646900133863,-0.05059267668639922,1314,10978
imbalanced,2018,1,RF,2023,5,0.7084293238389997,0.7293646900133863,-0.020935366174386627,1318,10978
imbalanced,2018,1,GBM,2019,1,0.7451032136992729,0.7394624778848377,0.005640735814435249,1330,10978
imbalanced,2018,1,GBM,2020,2,0.7583466604532281,0.7394624778848377,0.018884182568390417,1322,10978
imbalanced,2018,1,GBM,2021,3,0.6448379206999897,0.7394624778848377,-0.09462455718484797,1320,10978
imbalanced,2018,1,GBM,2022,4,0.6891837220371251,0.7394624778848377,-0.050278755847712575,1314,10978
imbalanced,2018,1,GBM,2023,5,0.7232435353464837,0.7394624778848377,-0.016218942538353986,1318,10978
imbalanced,2018,2,LogReg,2019,1,0.7160642125948989,0.7279660656848799,-0.01190185308998093,1325,11086
imbalanced,2018,2,LogReg,2020,2,0.7468154626214062,0.7279660656848799,0.01884939693652632,1325,11086
imbalanced,2018,2,LogReg,2021,3,0.6786785473814916,0.7279660656848799,-0.04928751830338829,1318,11086
imbalanced,2018,2,LogReg,2022,4,0.6762363936694384,0.7279660656848799,-0.05172967201544143,1313,11086
imbalanced,2018,2,LogReg,2023,5,0.7226575447464368,0.7279660656848799,-0.005308520938443029,1310,11086
imbalanced,2018,2,RF,2019,1,0.7275311237204107,0.7330164575557551,-0.00548533383534433,1325,11086
imbalanced,2018,2,RF,2020,2,0.747043422997748,0.7330164575557551,0.014026965441992889,1325,11086
imbalanced,2018,2,RF,2021,3,0.6750933463916263,0.7330164575557551,-0.05792311116412874,1318,11086
imbalanced,2018,2,RF,2022,4,0.6825660139392826,0.7330164575557551,-0.05045044361647244,1313,11086
imbalanced,2018,2,RF,2023,5,0.7095391738481935,0.7330164575557551,-0.023477283707561525,1310,11086
imbalanced,2018,2,GBM,2019,1,0.7265683035925967,0.7409794362008271,-0.014411132608230348,1325,11086
imbalanced,2018,2,GBM,2020,2,0.74291768558047,0.7409794362008271,0.0019382493796429312,1325,11086
imbalanced,2018,2,GBM,2021,3,0.6750802298026392,0.7409794362008271,-0.06589920639818792,1318,11086
imbalanced,2018,2,GBM,2022,4,0.6950781908109914,0.7409794362008271,-0.04590124538983564,1313,11086
imbalanced,2018,2,GBM,2023,5,0.7335295305767319,0.7409794362008271,-0.007449905624095199,1310,11086
imbalanced,2018,3,LogReg,2019,1,0.7222341981676803,0.7365733561538655,-0.014339157986185236,1349,11185
imbalanced,2018,3,LogReg,2020,2,0.7348646084414585,0.7365733561538655,-0.0017087477124070327,1350,11185
imbalanced,2018,3,LogReg,2021,3,0.6606767039015703,0.7365733561538655,-0.07589665225229525,1342,11185
imbalanced,2018,3,LogReg,2022,4,0.6618102899736389,0.7365733561538655,-0.07476306618022666,1342,11185
imbalanced,2018,3,LogReg,2023,5,0.7124186007361325,0.7365733561538655,-0.024154755417733043,1330,11185
imbalanced,2018,3,RF,2019,1,0.7305976852208278,0.7384836792361952,-0.007885994015367381,1349,11185
imbalanced,2018,3,RF,2020,2,0.7447561413405815,0.7384836792361952,0.006272462104386367,1350,11185
imbalanced,2018,3,RF,2021,3,0.6743796109993293,0.7384836792361952,-0.06410406823686587,1342,11185
imbalanced,2018,3,RF,2022,4,0.6774611398963731,0.7384836792361952,-0.061022539339822046,1342,11185
imbalanced,2018,3,RF,2023,5,0.7053608094906505,0.7384836792361952,-0.03312286974554468,1330,11185
imbalanced,2018,3,GBM,2019,1,0.7379064336489849,0.750529897164524,-0.012623463515539113,1349,11185
imbalanced,2018,3,GBM,2020,2,0.7290021283142726,0.750529897164524,-0.021527768850251428,1350,11185
imbalanced,2018,3,GBM,2021,3,0.678308355882421,0.750529897164524,-0.07222154128210301,1342,11185
imbalanced,2018,3,GBM,2022,4,0.6849786383056086,0.750529897164524,-0.06555125885891544,1342,11185
imbalanced,2018,3,GBM,2023,5,0.7208269884631768,0.750529897164524,-0.029702908701347175,1330,11185
imbalanced,2018,4,LogReg,2019,1,0.7029795480499705,0.7284625653091863,-0.025483017259215757,1330,11053
imbalanced,2018,4,LogReg,2020,2,0.7426635069764843,0.7284625653091863,0.014200941667298017,1321,11053
imbalanced,2018,4,LogReg,2021,3,0.6401298926435444,0.7284625653091863,-0.08833267266564193,1305,11053
imbalanced,2018,4,LogReg,2022,4,0.6532762015389917,0.7284625653091863,-0.07518636377019461,1308,11053
imbalanced,2018,4,LogReg,2023,5,0.7020131211404476,0.7284625653091863,-0.026449444168738734,1311,11053
imbalanced,2018,4,RF,2019,1,0.7357537780072991,0.7299291749355326,0.0058246030717665764,1330,11053
imbalanced,2018,4,RF,2020,2,0.7432122584794341,0.7299291749355326,0.013283083543901508,1321,11053
imbalanced,2018,4,RF,2021,3,0.6728661820973514,0.7299291749355326,-0.05706299283818117,1305,11053
imbalanced,2018,4,RF,2022,4,0.6802892899575126,0.7299291749355326,-0.049639884978019966,1308,11053
imbalanced,2018,4,RF,2023,5,0.6964398471697508,0.7299291749355326,-0.03348932776578173,1311,11053
imbalanced,2018,4,GBM,2019,1,0.72758550927565,0.7396484296086797,-0.012062920333029692,1330,11053
imbalanced,2018,4,GBM,2020,2,0.749019587282946,0.7396484296086797,0.009371157674266328,1321,11053
imbalanced,2018,4,GBM,2021,3,0.6616135662898253,0.7396484296086797,-0.07803486331885445,1305,11053
imbalanced,2018,4,GBM,2022,4,0.6740342742567124,0.7396484296086797,-0.06561415535196735,1308,11053
imbalanced,2018,4,GBM,2023,5,0.7111890899750635,0.7396484296086797,-0.028459339633616243,1311,11053
imbalanced,2016,0,LogReg,2017,1,0.7511329854815034,0.7395947055136337,0.011538279967869713,1358,8399
imbalanced,2016,0,LogReg,2018,2,0.7224008075541595,0.7395947055136337,-0.017193897959474236,1353,8399
imbalanced,2016,0,LogReg,2019,3,0.7207711557579577,0.7395947055136337,-0.018823549755676017,1344,8399
imbalanced,2016,0,LogReg,2020,4,0.7232569245463227,0.7395947055136337,-0.016337780967310978,1331,8399
imbalanced,2016,0,LogReg,2021,5,0.6113783008287574,0.7395947055136337,-0.12821640468487627,1322,8399
imbalanced,2016,0,LogReg,2022,6,0.649732481060606,0.7395947055136337,-0.08986222445302772,1318,8399
imbalanced,2016,0,LogReg,2023,7,0.7069602940828698,0.7395947055136337,-0.032634411430763954,1314,8399
imbalanced,2016,0,RF,2017,1,0.7428585525910028,0.7455069701278707,-0.002648417536867953,1358,8399
imbalanced,2016,0,RF,2018,2,0.7124264356382275,0.7455069701278707,-0.03308053448964321,1353,8399
imbalanced,2016,0,RF,2019,3,0.7281256674832486,0.7455069701278707,-0.01738130264462212,1344,8399
imbalanced,2016,0,RF,2020,4,0.7228466308836784,0.7455069701278707,-0.022660339244192307,1331,8399
imbalanced,2016,0,RF,2021,5,0.6412689164979535,0.7455069701278707,-0.10423805362991723,1322,8399
imbalanced,2016,0,RF,2022,6,0.6798697916666667,0.7455069701278707,-0.06563717846120398,1318,8399
imbalanced,2016,0,RF,2023,7,0.6946288885443791,0.7455069701278707,-0.05087808158349161,1314,8399
imbalanced,2016,0,GBM,2017,1,0.7482835609172431,0.7509235679936815,-0.002640007076438411,1358,8399
imbalanced,2016,0,GBM,2018,2,0.7207543379084936,0.7509235679936815,-0.030169230085187904,1353,8399
imbalanced,2016,0,GBM,2019,3,0.7289299435951933,0.7509235679936815,-0.021993624398488287,1344,8399
imbalanced,2016,0,GBM,2020,4,0.7192632874611565,0.7509235679936815,-0.03166028053252501,1331,8399
imbalanced,2016,0,GBM,2021,5,0.6324715615305068,0.7509235679936815,-0.11845200646317477,1322,8399
imbalanced,2016,0,GBM,2022,6,0.6676231060606062,0.7509235679936815,-0.08330046193307539,1318,8399
imbalanced,2016,0,GBM,2023,7,0.7106061123621487,0.7509235679936815,-0.040317455631532884,1314,8399
imbalanced,2016,1,LogReg,2017,1,0.7338432207256644,0.7277550004909743,0.006088220234690134,1350,8285
imbalanced,2016,1,LogReg,2018,2,0.7300615148208142,0.7277550004909743,0.0023065143298398594,1343,8285
imbalanced,2016,1,LogReg,2019,3,0.7219654319408013,0.7277550004909743,-0.0057895685501729854,1330,8285
imbalanced,2016,1,LogReg,2020,4,0.7496266641248054,0.7277550004909743,0.021871663633831084,1322,8285
imbalanced,2016,1,LogReg,2021,5,0.6357560934363442,0.7277550004909743,-0.0919989070546301,1320,8285
imbalanced,2016,1,LogReg,2022,6,0.6731865778200856,0.7277550004909743,-0.05456842267088868,1314,8285
imbalanced,2016,1,LogReg,2023,7,0.7149631422314269,0.7277550004909743,-0.012791858259547428,1318,8285
imbalanced,2016,1,RF,2017,1,0.7232672913239396,0.7278473340092966,-0.004580042685356944,1350,8285
imbalanced,2016,1,RF,2018,2,0.7275387709759665,0.7278473340092966,-0.00030856303333004487,1343,8285
imbalanced,2016,1,RF,2019,3,0.730564796451496,0.7278473340092966,0.002717462442199392,1330,8285
imbalanced,2016,1,RF,2020,4,0.7431625696805375,0.7278473340092966,0.015315235671240934,1322,8285
imbalanced,2016,1,RF,2021,5,0.6399650506233578,0.7278473340092966,-0.08788228338593873,1320,8285
imbalanced,2016,1,RF,2022,6,0.6713541170871012,0.7278473340092966,-0.05649321692219533,1314,8285
imbalanced,2016,1,RF,2023,7,0.7084474230589234,0.7278473340092966,-0.01939991095037319,1318,8285
imbalanced,2016,1,GBM,2017,1,0.7336582406171923,0.7405496402647511,-0.006891399647558805,1350,8285
imbalanced,2016,1,GBM,2018,2,0.739211660900162,0.7405496402647511,-0.0013379793645891258,1343,8285
imbalanced,2016,1,GBM,2019,3,0.7447007015972533,0.7405496402647511,0.004151061332502204,1330,8285
imbalanced,2016,1,GBM,2020,4,0.7591957127273111,0.7405496402647511,0.018646072462560004,1322,8285
imbalanced,2016,1,GBM,2021,5,0.6467341435993473,0.7405496402647511,-0.09381549666540379,1320,8285
imbalanced,2016,1,GBM,2022,6,0.6887232270347454,0.7405496402647511,-0.0518264132300057,1314,8285
imbalanced,2016,1,GBM,2023,7,0.7199443061146921,0.7405496402647511,-0.02060533415005905,1318,8285
imbalanced,2016,2,LogReg,2017,1,0.7318128833538112,0.7308165230066221,0.0009963603471890847,1358,8378
imbalanced,2016,2,LogReg,2018,2,0.7181172240063073,0.7308165230066221,-0.012699299000314856,1350,8378
imbalanced,2016,2,LogReg,2019,3,0.7157164909618718,0.7308165230066221,-0.0151000320447503,1325,8378
imbalanced,2016,2,LogReg,2020,4,0.7459623381826723,0.7308165230066221,0.015145815176050181,1325,8378
imbalanced,2016,2,LogReg,2021,5,0.676775184579555,0.7308165230066221,-0.054041338427067154,1318,8378
imbalanced,2016,2,LogReg,2022,6,0.6748575247184613,0.7308165230066221,-0.055958998288160866,1313,8378
imbalanced,2016,2,LogReg,2023,7,0.7231702643354325,0.7308165230066221,-0.007646258671189621,1310,8378
imbalanced,2016,2,RF,2017,1,0.7387850455965355,0.732002533555628,0.006782512040907407,1358,8378
imbalanced,2016,2,RF,2018,2,0.7198118377785896,0.732002533555628,-0.012190695777038463,1350,8378
imbalanced,2016,2,RF,2019,3,0.7280105580932209,0.732002533555628,-0.003991975462407149,1325,8378
imbalanced,2016,2,RF,2020,4,0.7484180931459913,0.732002533555628,0.016415559590363227,1325,8378
imbalanced,2016,2,RF,2021,5,0.6725458133305351,0.732002533555628,-0.05945672022509296,1318,8378
imbalanced,2016,2,RF,2022,6,0.6874367626227688,0.732002533555628,-0.044565770932859294,1313,8378
imbalanced,2016,2,RF,2023,7,0.7089358220086179,0.732002533555628,-0.02306671154701012,1310,8378
imbalanced,2016,2,GBM,2017,1,0.7390697967482631,0.7427305623397462,-0.003660765591483095,1358,8378
imbalanced,2016,2,GBM,2018,2,0.7329348787569947,0.7427305623397462,-0.009795683582751513,1350,8378
imbalanced,2016,2,GBM,2019,3,0.7323333702129005,0.7427305623397462,-0.010397192126845756,1325,8378
imbalanced,2016,2,GBM,2020,4,0.7483904615852227,0.7427305623397462,0.005659899245476496,1325,8378
imbalanced,2016,2,GBM,2021,5,0.6718302305313384,0.7427305623397462,-0.07090033180840782,1318,8378
imbalanced,2016,2,GBM,2022,6,0.6965358858880057,0.7427305623397462,-0.04619467645174047,1313,8378
imbalanced,2016,2,GBM,2023,7,0.7324523015412662,0.7427305623397462,-0.010278260798480043,1310,8378
imbalanced,2016,3,LogReg,2017,1,0.7351034403273209,0.7365847653040368,-0.0014813249767159364,1382,8433
imbalanced,2016,3,LogReg,2018,2,0.7412615662812843,0.7365847653040368,0.004676800977247431,1370,8433
imbalanced,2016,3,LogReg,2019,3,0.7205507224061385,0.7365847653040368,-0.016034042897898337,1349,8433
imbalanced,2016,3,LogReg,2020,4,0.7318067593209908,0.7365847653040368,-0.0047780059830460075,1350,8433
imbalanced,2016,3,LogReg,2021,5,0.6557650500705381,0.7365847653040368,-0.08081971523349873,1342,8433
imbalanced,2016,3,LogReg,2022,6,0.6590764475956732,0.7365847653040368,-0.07750831770836364,1342,8433
imbalanced,2016,3,LogReg,2023,7,0.711296292045127,0.7365847653040368,-0.025288473258909816,1330,8433
imbalanced,2016,3,RF,2017,1,0.7382801244741544,0.7397255444735099,-0.001445419999355546,1382,8433
imbalanced,2016,3,RF,2018,2,0.7354688071100167,0.7397255444735099,-0.00425673736349319,1370,8433
imbalanced,2016,3,RF,2019,3,0.7297405496958966,0.7397255444735099,-0.009984994777613276,1349,8433
imbalanced,2016,3,RF,2020,4,0.7348934560746705,0.7397255444735099,-0.004832088398839418,1350,8433
imbalanced,2016,3,RF,2021,5,0.6602054857882929,0.7397255444735099,-0.07952005868521705,1342,8433
imbalanced,2016,3,RF,2022,6,0.6666075811289882,0.7397255444735099,-0.0731179633445217,1342,8433
imbalanced,2016,3,RF,2023,7,0.7003512316062532,0.7397255444735099,-0.03937431286725668,1330,8433
imbalanced,2016,3,GBM,2017,1,0.7441232543844484,0.7526800497114569,-0.008556795327008482,1382,8433
imbalanced,2016,3,GBM,2018,2,0.7488181232325953,0.7526800497114569,-0.0038619264788615215,1370,8433
imbalanced,2016,3,GBM,2019,3,0.7325018605486694,0.7526800497114569,-0.020178189162787463,1349,8433
imbalanced,2016,3,GBM,2020,4,0.729710497974255,0.7526800497114569,-0.022969551737201832,1350,8433
imbalanced,2016,3,GBM,2021,5,0.668564548208793,0.7526800497114569,-0.08411550150266389,1342,8433
imbalanced,2016,3,GBM,2022,6,0.6788860103626942,0.7526800497114569,-0.07379403934876261,1342,8433
imbalanced,2016,3,GBM,2023,7,0.7204112241071907,0.7526800497114569,-0.03226882560426614,1330,8433
imbalanced,2016,4,LogReg,2017,1,0.7407322031056811,0.7309450494037997,0.009787153701881435,1353,8353
imbalanced,2016,4,LogReg,2018,2,0.7102118118829972,0.7309450494037997,-0.020733237520802472,1347,8353
imbalanced,2016,4,LogReg,2019,3,0.7021862796510683,0.7309450494037997,-0.028758769752731395,1330,8353
imbalanced,2016,4,LogReg,2020,4,0.7416883371081844,0.7309450494037997,0.010743287704384707,1321,8353
imbalanced,2016,4,LogReg,2021,5,0.6363036937059647,0.7309450494037997,-0.09464135569783494,1305,8353
imbalanced,2016,4,LogReg,2022,6,0.6502493089478898,0.7309450494037997,-0.08069574045590988,1308,8353
imbalanced,2016,4,LogReg,2023,7,0.7015475668097221,0.7309450494037997,-0.029397482594077595,1311,8353
imbalanced,2016,4,RF,2017,1,0.7310243299314738,0.7387210485667604,-0.007696718635286537,1353,8353
imbalanced,2016,4,RF,2018,2,0.7087154490816875,0.7387210485667604,-0.030005599485072865,1347,8353
imbalanced,2016,4,RF,2019,3,0.7283987424832497,0.7387210485667604,-0.010322306083510702,1330,8353
imbalanced,2016,4,RF,2020,4,0.7467599194698432,0.7387210485667604,0.008038870903082862,1321,8353
imbalanced,2016,4,RF,2021,5,0.6625143946804691,0.7387210485667604,-0.07620665388629122,1305,8353
imbalanced,2016,4,RF,2022,6,0.6801326434460304,0.7387210485667604,-0.058588405120729936,1308,8353
imbalanced,2016,4,RF,2023,7,0.6986124340464698,0.7387210485667604,-0.040108614520290575,1311,8353
imbalanced,2016,4,GBM,2017,1,0.7469417318049415,0.7452849198516398,0.0016568119533016956,1353,8353
imbalanced,2016,4,GBM,2018,2,0.7178998078926966,0.7452849198516398,-0.02738511195894322,1347,8353
imbalanced,2016,4,GBM,2019,3,0.7240251183913157,0.7452849198516398,-0.021259801460324135,1330,8353
imbalanced,2016,4,GBM,2020,4,0.7463509772670077,0.7452849198516398,0.0010660574153679159,1321,8353
imbalanced,2016,4,GBM,2021,5,0.6548465186542677,0.7452849198516398,-0.09043840119737212,1305,8353
imbalanced,2016,4,GBM,2022,6,0.6752766015900826,0.7452849198516398,-0.07000831826155718,1308,8353
imbalanced,2016,4,GBM,2023,7,0.7107476160407548,0.7452849198516398,-0.034537303810885045,1311,8353
balanced,2018,0,LogReg,2019,1,0.7246685536620421,0.7303979412001139,-0.0057293875380718395,1155,9240
balanced,2018,0,LogReg,2020,2,0.7229581487767521,0.7303979412001139,-0.007439792423361791,1155,9240
balanced,2018,0,LogReg,2021,3,0.6287131651473393,0.7303979412001139,-0.1016847760527746,1155,9240
balanced,2018,0,LogReg,2022,4,0.6326499802819678,0.7303979412001139,-0.09774796091814608,1155,9240
balanced,2018,0,LogReg,2023,5,0.702394391099747,0.7303979412001139,-0.028003550100366925,1155,9240
balanced,2018,0,RF,2019,1,0.723766608981316,0.7203386817583677,0.0034279272229482682,1155,9240
balanced,2018,0,RF,2020,2,0.7250227677277808,0.7203386817583677,0.004684085969413165,1155,9240
balanced,2018,0,RF,2021,3,0.6355310578757685,0.7203386817583677,-0.08480762388259921,1155,9240
balanced,2018,0,RF,2022,4,0.6552640983929803,0.7203386817583677,-0.0650745833653874,1155,9240
balanced,2018,0,RF,2023,5,0.6877839131735712,0.7203386817583677,-0.032554768584796445,1155,9240
balanced,2018,0,GBM,2019,1,0.7388906813715426,0.7376493694449564,0.0012413119265861638,1155,9240
balanced,2018,0,GBM,2020,2,0.7328129527673138,0.7376493694449564,-0.004836416677642563,1155,9240
balanced,2018,0,GBM,2021,3,0.6421793512825948,0.7376493694449564,-0.09547001816236156,1155,9240
balanced,2018,0,GBM,2022,4,0.6648088583259391,0.7376493694449564,-0.07284051111901735,1155,9240
balanced,2018,0,GBM,2023,5,0.7188596550879961,0.7376493694449564,-0.018789714356960308,1155,9240
balanced,2018,1,LogReg,2019,1,0.717521829902013,0.7222183328164827,-0.004696502914469769,1155,9240
balanced,2018,1,LogReg,2020,2,0.7441123534224161,0.7222183328164827,0.021894020605933373,1155,9240
balanced,2018,1,LogReg,2021,3,0.6599677722126703,0.7222183328164827,-0.0622505606038124,1155,9240
balanced,2018,1,LogReg,2022,4,0.6575579845374567,0.7222183328164827,-0.064660348279026,1155,9240
balanced,2018,1,LogReg,2023,5,0.6990810511485108,0.7222183328164827,-0.02313728166797191,1155,9240
balanced,2018,1,RF,2019,1,0.7219982932293015,0.721205769565316,0.0007925236639855227,1155,9240
balanced,2018,1,RF,2020,2,0.7329260976274884,0.721205769565316,0.01172032806217238,1155,9240
balanced,2018,1,RF,2021,3,0.6406601712724161,0.721205769565316,-0.08054559829289987,1155,9240
balanced,2018,1,RF,2022,4,0.6569689943146944,0.721205769565316,-0.06423677525062166,1155,9240
balanced,2018,1,RF,2023,5,0.6879499239466434,0.721205769565316,-0.033255845618672564,1155,9240
balanced,2018,1,GBM,2019,1,0.7326313222901206,0.7331088033522173,-0.00047748106209666297,1155,9240
balanced,2018,1,GBM,2020,2,0.7340087264794108,0.7331088033522173,0.0008999231271935582,1155,9240
balanced,2018,1,GBM,2021,3,0.653219040974143,0.7331088033522173,-0.07988976237807432,1155,9240
balanced,2018,1,GBM,2022,4,0.6628588965423173,0.7331088033522173,-0.07024990680989995,1155,9240
balanced,2018,1,GBM,2023,5,0.7048814338686274,0.7331088033522173,-0.028227369483589837,1155,9240
balanced,2018,2,LogReg,2019,1,0.731744718851103,0.7249617827021969,0.006782936148906127,1155,9240
balanced,2018,2,LogReg,2020,2,0.7616663959061003,0.7249617827021969,0.03670461320390339,1155,9240
balanced,2018,2,LogReg,2021,3,0.6382697718677965,0.7249617827021969,-0.08669201083440037,1155,9240
balanced,2018,2,LogReg,2022,4,0.6349996590056605,0.7249617827021969,-0.08996212369653644,1155,9240
balanced,2018,2,LogReg,2023,5,0.7039666907327058,0.7249617827021969,-0.02099509196949112,1155,9240
balanced,2018,2,RF,2019,1,0.7340247990747925,0.7230092394426626,0.011015559632129857,1155,9240
balanced,2018,2,RF,2020,2,0.7558941190804972,0.7230092394426626,0.032884879637834596,1155,9240
balanced,2018,2,RF,2021,3,0.6532653011000549,0.7230092394426626,-0.06974393834260773,1155,9240
balanced,2018,2,RF,2022,4,0.6622606064739326,0.7230092394426626,-0.06074863296873001,1155,9240
balanced,2018,2,RF,2023,5,0.6833061130075773,0.7230092394426626,-0.039703126435085334,1155,9240
balanced,2018,2,GBM,2019,1,0.7419117539416474,0.7306037896521355,0.011307964289511974,1155,9240
balanced,2018,2,GBM,2020,2,0.7659689505320445,0.7306037896521355,0.03536516087990904,1155,9240
balanced,2018,2,GBM,2021,3,0.6585112753582767,0.7306037896521355,-0.07209251429385877,1155,9240
balanced,2018,2,GBM,2022,4,0.6494981183312356,0.7306037896521355,-0.08110567132089985,1155,9240
balanced,2018,2,GBM,2023,5,0.7076712251950401,0.7306037896521355,-0.02293256445709535,1155,9240
balanced,2018,3,LogReg,2019,1,0.7367139944715706,0.7256147382821896,0.011099256189381013,1155,9240
balanced,2018,3,LogReg,2020,2,0.7624434172165107,0.7256147382821896,0.03682867893432107,1155,9240
balanced,2018,3,LogReg,2021,3,0.6321493830953575,0.7256147382821896,-0.09346535518683208,1155,9240
balanced,2018,3,LogReg,2022,4,0.6735758513931888,0.7256147382821896,-0.052038886889000824,1155,9240
balanced,2018,3,LogReg,2023,5,0.6998930273266557,0.7256147382821896,-0.025721710955533883,1155,9240
balanced,2018,3,RF,2019,1,0.7400441113521437,0.7202559152576558,0.019788196094487898,1155,9240
balanced,2018,3,RF,2020,2,0.7597437471229093,0.7202559152576558,0.03948783186525351,1155,9240
balanced,2018,3,RF,2021,3,0.6632412153749132,0.7202559152576558,-0.05701469988274255,1155,9240
balanced,2018,3,RF,2022,4,0.6905170278637769,0.7202559152576558,-0.029738887393878866,1155,9240
balanced,2018,3,RF,2023,5,0.7133167085758741,0.7202559152576558,-0.006939206681781607,1155,9240
balanced,2018,3,GBM,2019,1,0.7455634717375375,0.7330546178929825,0.012508853844554912,1155,9240
balanced,2018,3,GBM,2020,2,0.770942822617769,0.7330546178929825,0.03788820472478649,1155,9240
balanced,2018,3,GBM,2021,3,0.6630208922882878,0.7330546178929825,-0.07003372560469479,1155,9240
balanced,2018,3,GBM,2022,4,0.6942987616099071,0.7330546178929825,-0.03875585628307543,1155,9240
balanced,2018,3,GBM,2023,5,0.7191290062655422,0.7330546178929825,-0.013925611627440326,1155,9240
balanced,2018,4,LogReg,2019,1,0.6991396761133603,0.7098023179713157,-0.010662641857955402,1155,9240
balanced,2018,4,LogReg,2020,2,0.6984886625297584,0.7098023179713157,-0.011313655441557269,1155,9240
balanced,2018,4,LogReg,2021,3,0.6273219750904241,0.7098023179713157,-0.08248034288089157,1155,9240
balanced,2018,4,LogReg,2022,4,0.6553055555555555,0.7098023179713157,-0.05449676241576018,1155,9240
balanced,2018,4,LogReg,2023,5,0.7089378550525047,0.7098023179713157,-0.0008644629188109265,1155,9240
balanced,2018,4,RF,2019,1,0.7094695165515599,0.710101347177829,-0.0006318306262691475,1155,9240
balanced,2018,4,RF,2020,2,0.697469070756742,0.710101347177829,-0.012632276421086996,1155,9240
balanced,2018,4,RF,2021,3,0.6293268522610105,0.710101347177829,-0.08077449491681854,1155,9240
balanced,2018,4,RF,2022,4,0.6579444444444444,0.710101347177829,-0.05215690273338458,1155,9240
balanced,2018,4,RF,2023,5,0.6981821311757617,0.710101347177829,-0.011919216002067357,1155,9240
balanced,2018,4,GBM,2019,1,0.710219323053108,0.718760190350102,-0.008540867296993992,1155,9240
balanced,2018,4,GBM,2020,2,0.707042988721071,0.718760190350102,-0.011717201629031004,1155,9240
balanced,2018,4,GBM,2021,3,0.6381319454673409,0.718760190350102,-0.0806282448827611,1155,9240
balanced,2018,4,GBM,2022,4,0.6738904320987654,0.718760190350102,-0.044869758251336544,1155,9240
balanced,2018,4,GBM,2023,5,0.7088948183852642,0.718760190350102,-0.009865371964837721,1155,9240
balanced,2016,0,LogReg,2017,1,0.7677363301001295,0.7264669998952324,0.04126933020489709,1155,6930
balanced,2016,0,LogReg,2018,2,0.7240241675464376,0.7264669998952324,-0.0024428323487948322,1155,6930
balanced,2016,0,LogReg,2019,3,0.7239902619306016,0.7264669998952324,-0.002476737964630882,1155,6930
balanced,2016,0,LogReg,2020,4,0.7206917249658485,0.7264669998952324,-0.0057752749293839,1155,6930
balanced,2016,0,LogReg,2021,5,0.6239135043459826,0.7264669998952324,-0.10255349554924986,1155,6930
balanced,2016,0,LogReg,2022,6,0.630126688356502,0.7264669998952324,-0.09634031153873046,1155,6930
balanced,2016,0,LogReg,2023,7,0.702329788102168,0.7264669998952324,-0.024137211793064495,1155,6930
balanced,2016,0,RF,2017,1,0.767900126764375,0.7173893941390975,0.0505107326252775,1155,6930
balanced,2016,0,RF,2018,2,0.7208391588438383,0.7173893941390975,0.0034497647047407876,1155,6930
balanced,2016,0,RF,2019,3,0.7237482767723581,0.7173893941390975,0.006358882633260565,1155,6930
balanced,2016,0,RF,2020,4,0.7289036304176844,0.7173893941390975,0.011514236278586831,1155,6930
balanced,2016,0,RF,2021,5,0.6381174475302099,0.7173893941390975,-0.07927194660888759,1155,6930
balanced,2016,0,RF,2022,6,0.6588996105688653,0.7173893941390975,-0.05848978357023227,1155,6930
balanced,2016,0,RF,2023,7,0.6882089328944864,0.7173893941390975,-0.029180461244611156,1155,6930
balanced,2016,0,GBM,2017,1,0.778586078707858,0.7322109998377792,0.046375078870078856,1155,6930
balanced,2016,0,GBM,2018,2,0.7399634776157731,0.7322109998377792,0.007752477777993927,1155,6930
balanced,2016,0,GBM,2019,3,0.7360216906696391,0.7322109998377792,0.0038106908318599197,1155,6930
balanced,2016,0,GBM,2020,4,0.7309527259179535,0.7322109998377792,-0.001258273919825692,1155,6930
balanced,2016,0,GBM,2021,5,0.6459190163239348,0.7322109998377792,-0.08629198351384437,1155,6930
balanced,2016,0,GBM,2022,6,0.6629171596174701,0.7322109998377792,-0.06929384022030904,1155,6930
balanced,2016,0,GBM,2023,7,0.7190126621875255,0.7322109998377792,-0.013198337650253689,1155,6930
balanced,2016,1,LogReg,2017,1,0.7324660426850208,0.7239376425974322,0.008528400087588595,1155,6930
balanced,2016,1,LogReg,2018,2,0.7131634510374956,0.7239376425974322,-0.010774191559936641,1155,6930
balanced,2016,1,LogReg,2019,3,0.7164436689474406,0.7239376425974322,-0.007493973649991603,1155,6930
balanced,2016,1,LogReg,2020,4,0.7431742568857376,0.7239376425974322,0.019236614288305365,1155,6930
balanced,2016,1,LogReg,2021,5,0.6570066365984732,0.7239376425974322,-0.06693100599895896,1155,6930
balanced,2016,1,LogReg,2022,6,0.6553012219997147,0.7239376425974322,-0.06863642059771746,1155,6930
balanced,2016,1,LogReg,2023,7,0.6986429557769009,0.7239376425974322,-0.025294686820531265,1155,6930
balanced,2016,1,RF,2017,1,0.7127565521726106,0.7244934817081952,-0.011736929535584584,1155,6930
balanced,2016,1,RF,2018,2,0.6979140880961049,0.7244934817081952,-0.026579393612090274,1155,6930
balanced,2016,1,RF,2019,3,0.7158683957879337,0.7244934817081952,-0.008625085920261455,1155,6930
balanced,2016,1,RF,2020,4,0.7321352604308701,0.7244934817081952,0.007641778722674908,1155,6930
balanced,2016,1,RF,2021,5,0.6448340019768593,0.7244934817081952,-0.07965947973133591,1155,6930
balanced,2016,1,RF,2022,6,0.6523221714519538,0.7244934817081952,-0.07217131025624135,1155,6930
balanced,2016,1,RF,2023,7,0.6792861498776837,0.7244934817081952,-0.04520733183051151,1155,6930
balanced,2016,1,GBM,2017,1,0.7429893397046683,0.7371602210637718,0.0058291186408965245,1155,6930
balanced,2016,1,GBM,2018,2,0.7174026210411357,0.7371602210637718,-0.019757600022636046,1155,6930
balanced,2016,1,GBM,2019,3,0.7221964005425092,0.7371602210637718,-0.01496382052126255,1155,6930
balanced,2016,1,GBM,2020,4,0.7411753476956641,0.7371602210637718,0.004015126631892296,1155,6930
balanced,2016,1,GBM,2021,5,0.6506669822996354,0.7371602210637718,-0.0864932387641364,1155,6930
balanced,2016,1,GBM,2022,6,0.6613678212941665,0.7371602210637718,-0.07579239976960528,1155,6930
balanced,2016,1,GBM,2023,7,0.705946881812383,0.7371602210637718,-0.031213339251388805,1155,6930
balanced,2016,2,LogReg,2017,1,0.7394457975473229,0.7236575608581423,0.015788236689180613,1155,6930
balanced,2016,2,LogReg,2018,2,0.7231757393370928,0.7236575608581423,-0.00048182152104947473,1155,6930
balanced,2016,2,LogReg,2019,3,0.7313201774290357,0.7236575608581423,0.007662616570893399,1155,6930
balanced,2016,2,LogReg,2020,4,0.7610876451953538,0.7236575608581423,0.03743008433721151,1155,6930
balanced,2016,2,LogReg,2021,5,0.6360056766445453,0.7236575608581423,-0.08765188421359693,1155,6930
balanced,2016,2,LogReg,2022,6,0.6332605878742413,0.7236575608581423,-0.09039697298390093,1155,6930
balanced,2016,2,LogReg,2023,7,0.7041068812516209,0.7236575608581423,-0.01955067960652135,1155,6930
balanced,2016,2,RF,2017,1,0.7424831574299591,0.7175544025654675,0.02492875486449153,1155,6930
balanced,2016,2,RF,2018,2,0.7159616655651024,0.7175544025654675,-0.0015927370003651076,1155,6930
balanced,2016,2,RF,2019,3,0.7254900525553002,0.7175544025654675,0.00793564998983265,1155,6930
balanced,2016,2,RF,2020,4,0.7543609373730811,0.7175544025654675,0.03680653480761353,1155,6930
balanced,2016,2,RF,2021,5,0.6514400794073978,0.7175544025654675,-0.06611432315806975,1155,6930
balanced,2016,2,RF,2022,6,0.651850979273744,0.7175544025654675,-0.06570342329172352,1155,6930
balanced,2016,2,RF,2023,7,0.6791003974401211,0.7175544025654675,-0.03845400512534647,1155,6930
balanced,2016,2,GBM,2017,1,0.7480273184349584,0.726160209696589,0.02186710873836939,1155,6930
balanced,2016,2,GBM,2018,2,0.7403724458944467,0.726160209696589,0.01421223619785772,1155,6930
balanced,2016,2,GBM,2019,3,0.7395108990030597,0.726160209696589,0.013350689306470653,1155,6930
balanced,2016,2,GBM,2020,4,0.761194257168386,0.726160209696589,0.03503404747179695,1155,6930
balanced,2016,2,GBM,2021,5,0.6562082147281034,0.726160209696589,-0.06995199496848559,1155,6930
balanced,2016,2,GBM,2022,6,0.6504529024818188,0.726160209696589,-0.07570730721477026,1155,6930
balanced,2016,2,GBM,2023,7,0.7064883676916931,0.726160209696589,-0.019671842004895912,1155,6930
balanced,2016,3,LogReg,2017,1,0.736300289622344,0.723401056054467,0.012899233567876922,1155,6930
balanced,2016,3,LogReg,2018,2,0.7321698113207548,0.723401056054467,0.008768755266287731,1155,6930
balanced,2016,3,LogReg,2019,3,0.735357280186893,0.723401056054467,0.011956224132425919,1155,6930
balanced,2016,3,LogReg,2020,4,0.7614172548718737,0.723401056054467,0.0380161988174067,1155,6930
balanced,2016,3,LogReg,2021,5,0.6289840073737488,0.723401056054467,-0.09441704868071821,1155,6930
balanced,2016,3,LogReg,2022,6,0.6712136222910217,0.723401056054467,-0.05218743376344537,1155,6930
balanced,2016,3,LogReg,2023,7,0.6990316889179089,0.723401056054467,-0.02436936713655813,1155,6930
balanced,2016,3,RF,2017,1,0.7353719209703783,0.7190094486728871,0.016362472297491215,1155,6930
balanced,2016,3,RF,2018,2,0.7249510831586303,0.7190094486728871,0.005941634485743252,1155,6930
balanced,2016,3,RF,2019,3,0.7326365964609346,0.7190094486728871,0.013627147788047522,1155,6930
balanced,2016,3,RF,2020,4,0.7618871796839035,0.7190094486728871,0.04287773101101644,1155,6930
balanced,2016,3,RF,2021,5,0.6582849565822028,0.7190094486728871,-0.06072449209068431,1155,6930
balanced,2016,3,RF,2022,6,0.6896965944272446,0.7190094486728871,-0.02931285424564245,1155,6930
balanced,2016,3,RF,2023,7,0.7173976466011864,0.7190094486728871,-0.001611802071700641,1155,6930
balanced,2016,3,GBM,2017,1,0.7474891033177531,0.7318987325702261,0.015590370747527005,1155,6930
balanced,2016,3,GBM,2018,2,0.7351991614255765,0.7318987325702261,0.0033004288553504235,1155,6930
balanced,2016,3,GBM,2019,3,0.7464993869392672,0.7318987325702261,0.014600654369041122,1155,6930
balanced,2016,3,GBM,2020,4,0.7709476177689121,0.7318987325702261,0.03904888519868599,1155,6930
balanced,2016,3,GBM,2021,5,0.657638136511376,0.7318987325702261,-0.07426059605885005,1155,6930
balanced,2016,3,GBM,2022,6,0.6940835913312693,0.7318987325702261,-0.037815141238956795,1155,6930
balanced,2016,3,GBM,2023,7,0.7206033536627721,0.7318987325702261,-0.011295378907454023,1155,6930
balanced,2016,4,LogReg,2017,1,0.734467205141692,0.7048281341320864,0.0296390710096055,1155,6930
balanced,2016,4,LogReg,2018,2,0.7175788555919619,0.7048281341320864,0.012750721459875436,1155,6930
balanced,2016,4,LogReg,2019,3,0.698626160990712,0.7048281341320864,-0.006201973141374495,1155,6930
balanced,2016,4,LogReg,2020,4,0.6974934629044218,0.7048281341320864,-0.007334671227664624,1155,6930
balanced,2016,4,LogReg,2021,5,0.6262008805093207,0.7048281341320864,-0.07862725362276579,1155,6930
balanced,2016,4,LogReg,2022,6,0.6546111111111111,0.7048281341320864,-0.050217023020975304,1155,6930
balanced,2016,4,LogReg,2023,7,0.7087209502496127,0.7048281341320864,0.003892816117526232,1155,6930
balanced,2016,4,RF,2017,1,0.7357677592281697,0.7062417492660351,0.029526009962134614,1155,6930
balanced,2016,4,RF,2018,2,0.7176280744188662,0.7062417492660351,0.011386325152831112,1155,6930
balanced,2016,4,RF,2019,3,0.7068386818290069,0.7062417492660351,0.0005969325629717748,1155,6930
balanced,2016,4,RF,2020,4,0.6871950981540023,0.7062417492660351,-0.019046651112032853,1155,6930
balanced,2016,4,RF,2021,5,0.6282221240241567,0.7062417492660351,-0.07801962524187844,1155,6930
balanced,2016,4,RF,2022,6,0.6510092592592592,0.7062417492660351,-0.05523249000677588,1155,6930
balanced,2016,4,RF,2023,7,0.6896057841280772,0.7062417492660351,-0.016635965137957953,1155,6930
balanced,2016,4,GBM,2017,1,0.7468242702846808,0.7146906813640874,0.03213358892059337,1155,6930
balanced,2016,4,GBM,2018,2,0.7239105061101658,0.7146906813640874,0.009219824746078409,1155,6930
balanced,2016,4,GBM,2019,3,0.710174669564182,0.7146906813640874,-0.004516011799905462,1155,6930
balanced,2016,4,GBM,2020,4,0.7026548413534714,0.7146906813640874,-0.012035840010615972,1155,6930
balanced,2016,4,GBM,2021,5,0.6380317016088117,0.7146906813640874,-0.07665897975527569,1155,6930
balanced,2016,4,GBM,2022,6,0.6703564814814814,0.7146906813640874,-0.04433419988260601,1155,6930
balanced,2016,4,GBM,2023,7,0.7045825443277672,0.7146906813640874,-0.010108137036320186,1155,6930
