seed,model,year,regime_distance,auc,baseline,delta,in_sample,n_year
0,LogReg,2011,0.5705473621595012,0.7074926787457442,0.7382989505599692,-0.030806271814225017,True,4655
0,LogReg,2012,0.5452945274104659,0.7560534684227621,0.7382989505599692,0.017754517862792918,True,4687
0,LogReg,2013,0.548088731333508,0.7697269338654719,0.7382989505599692,0.03142798330550267,True,4660
0,LogReg,2014,0.5060670174774538,0.7397361755006452,0.7382989505599692,0.0014372249406759963,True,4648
0,LogReg,2015,0.5330863850936844,0.7241175043179126,0.7382989505599692,-0.014181446242056639,True,4623
0,LogReg,2016,0.5203121305523835,0.7413871843830012,0.7382989505599692,0.003088233823032027,True,4578
0,LogReg,2017,0.5020281385281385,0.7509306886726123,0.7382989505599692,0.012631738112643065,True,4531
0,LogReg,2018,0.5150243289049259,0.7220871942883185,0.7382989505599692,-0.016211756271650724,True,4507
0,LogReg,2019,0.5755846934671741,0.7216202603745026,0.7382989505599692,-0.016678690185466638,False,4462
0,LogReg,2020,0.7243554977040171,0.7245012577854905,0.7382989505599692,-0.013797692774478731,False,4435
0,LogReg,2021,0.6423114925072732,0.616079933582883,0.7382989505599692,-0.12221901697708615,False,4408
0,LogReg,2022,0.6067651888341543,0.6527130681818181,0.7382989505599692,-0.08558588237815112,False,4391
0,LogReg,2023,0.6112776315294104,0.7074516584203294,0.7382989505599692,-0.03084729213963977,False,4380
0,RF,2011,0.585187274368231,0.7188471703054689,0.7424023278334186,-0.023555157527949788,True,4655
0,RF,2012,0.5278608786029221,0.755013608816398,0.7424023278334186,0.012611280982979367,True,4687
0,RF,2013,0.547312495906471,0.778398501477814,0.7424023278334186,0.035996173644395335,True,4660
0,RF,2014,0.49530355144493454,0.7554557185872006,0.7424023278334186,0.01305339075378198,True,4648
0,RF,2015,0.4988406430012269,0.7282284425539203,0.7424023278334186,-0.014173885279498366,True,4623
0,RF,2016,0.4748168600120238,0.7443095415081598,0.7424023278334186,0.001907213674741115,True,4578
0,RF,2017,0.5072651515151515,0.748007253080709,0.7424023278334186,0.005604925247290393,True,4531
0,RF,2018,0.5196932917828441,0.7167214673180676,0.7424023278334186,-0.02568086051535101,True,4507
0,RF,2019,0.5622026610113807,0.7276641975829524,0.7424023278334186,-0.01473813025046622,False,4462
0,RF,2020,0.7629115142640199,0.731614135625597,0.7424023278334186,-0.010788192207821679,False,4435
0,RF,2021,0.6787316112564726,0.6491952750629943,0.7424023278334186,-0.09320705277042429,False,4408
0,RF,2022,0.6379661798173595,0.6840269886363637,0.7424023278334186,-0.058375339197054954,False,4391
0,RF,2023,0.6394418814780063,0.7000023648551,0.7424023278334186,-0.042399962978318606,False,4380
0,GBM,2011,0.5949114908106334,0.7210018809075974,0.7466500657863339,-0.025648184878736435,True,4655
0,GBM,2012,0.5581858834305773,0.7605452590710756,0.7466500657863339,0.013895193284741758,True,4687
0,GBM,2013,0.5600663970395598,0.7878301549351457,0.7466500657863339,0.04118008914881188,True,4660
0,GBM,2014,0.5129106049634652,0.7571571954308656,0.7466500657863339,0.01050712964453171,True,4648
0,GBM,2015,0.5290762056273005,0.7364443714879789,0.7466500657863339,-0.01020569429835494,True,4623
0,GBM,2016,0.5044042132004992,0.7487477347481136,0.7466500657863339,0.002097668961779764,True,4578
0,GBM,2017,0.5145865800865801,0.7484611873835867,0.7466500657863339,0.0018111215972528294,True,4531
0,GBM,2018,0.5365540429719535,0.7212112822372385,0.7466500657863339,-0.025438783549095345,True,4507
0,GBM,2019,0.5676484024505,0.7308628432347195,0.7466500657863339,-0.015787222551614355,False,4462
0,GBM,2020,0.7608519655964132,0.7190631852240473,0.7466500657863339,-0.02758688056228653,False,4435
0,GBM,2021,0.6798517464732037,0.638623883944827,0.7466500657863339,-0.10802618184150681,False,4408
0,GBM,2022,0.6334099616858238,0.6717223011363636,0.7466500657863339,-0.07492776464997031,False,4391
0,GBM,2023,0.6404780728809192,0.7100254090542418,0.7466500657863339,-0.03662465673209203,False,4380
1,LogReg,2011,0.5633355553276587,0.7090007380215733,0.7284192580091395,-0.019418519987566274,True,4655
1,LogReg,2012,0.5363169048832375,0.7306485504711713,0.7284192580091395,0.00222929246203174,True,4687
1,LogReg,2013,0.5468309882576512,0.7295138888888889,0.7284192580091395,0.0010946308797493698,True,4660
1,LogReg,2014,0.4928993985469685,0.7392056309703369,0.7284192580091395,0.010786372961197332,True,4648
1,LogReg,2015,0.5164765189981328,0.7074182092335773,0.7284192580091395,-0.021001048775562192,True,4623
1,LogReg,2016,0.5059984415501805,0.750752393980848,0.7284192580091395,0.022333135971708495,True,4578
1,LogReg,2017,0.5176304768912792,0.7341465881035594,0.7284192580091395,0.005727330094419836,True,4531
1,LogReg,2018,0.517689705541488,0.7303820574431954,0.7284192580091395,0.001962799434055862,True,4507
1,LogReg,2019,0.5562434706170096,0.7225012261958075,0.7284192580091395,-0.005918031813332059,False,4462
1,LogReg,2020,0.7303273484033659,0.7508622911349057,0.7284192580091395,0.02244303312576612,False,4435
1,LogReg,2021,0.6712826746469097,0.6380328135814028,0.7284192580091395,-0.09038644442773669,False,4408
1,LogReg,2022,0.5978431964526879,0.6753165159447883,0.7284192580091395,-0.05310274206435128,False,4391
1,LogReg,2023,0.6179285610025648,0.7154466499636722,0.7284192580091395,-0.012972608045467293,False,4380
1,RF,2011,0.5662957645369706,0.7233284532558291,0.7293646900133863,-0.006036236757557267,True,4655
1,RF,2012,0.5246072864341932,0.7291380038502098,0.7293646900133863,-0.00022668616317655932,True,4687
1,RF,2013,0.53314172941891,0.7351501369327074,0.7293646900133863,0.005785446919321036,True,4660
1,RF,2014,0.48770919211117425,0.7362091503267975,0.7293646900133863,0.006844460313411127,True,4648
1,RF,2015,0.5119094402235612,0.7065526853560304,0.7293646900133863,-0.02281200465735589,True,4623
1,RF,2016,0.47722012838658034,0.7467877129710235,0.7293646900133863,0.017423022957637202,True,4578
1,RF,2017,0.49665245479434267,0.724288381522707,0.7293646900133863,-0.005076308490679304,True,4531
1,RF,2018,0.5416874401395977,0.7349528484249367,0.7293646900133863,0.005588158411550359,True,4507
1,RF,2019,0.5802459426490791,0.7353736165312519,0.7293646900133863,0.006008926517865554,False,4462
1,RF,2020,0.7602201755258091,0.7481756849786589,0.7293646900133863,0.01881099496527261,False,4435
1,RF,2021,0.7152990361272188,0.6479664536090869,0.7293646900133863,-0.08139823640429944,False,4408
1,RF,2022,0.6439591754896221,0.6787720133269871,0.7293646900133863,-0.05059267668639922,False,4391
1,RF,2023,0.6350359002161658,0.7084293238389997,0.7293646900133863,-0.020935366174386627,False,4380
1,GBM,2011,0.572183365808635,0.7288588070975077,0.7394624778848377,-0.010603670787329933,True,4655
1,GBM,2012,0.5341329159487813,0.7426836946467575,0.7394624778848377,0.0032212167619198873,True,4687
1,GBM,2013,0.5644071595120497,0.7439126075899843,0.7394624778848377,0.004450129705146688,True,4660
1,GBM,2014,0.514111725454381,0.7494595274007039,0.7394624778848377,0.009997049515866219,True,4648
1,GBM,2015,0.5305153739952011,0.7146586016705354,0.7394624778848377,-0.024803876214302245,True,4623
1,GBM,2016,0.5125418104522155,0.7635891058326079,0.7394624778848377,0.024126627947770207,True,4578
1,GBM,2017,0.5241156355845082,0.7347878524795967,0.7394624778848377,-0.004674625405240995,True,4531
1,GBM,2018,0.5412063702401413,0.7428844431611864,0.7394624778848377,0.0034219652763487485,True,4507
1,GBM,2019,0.5854739111931404,0.7451032136992729,0.7394624778848377,0.005640735814435249,False,4462
1,GBM,2020,0.7614934607145762,0.7583466604532281,0.7394624778848377,0.018884182568390417,False,4435
1,GBM,2021,0.7137269823772174,0.6448379206999897,0.7394624778848377,-0.09462455718484797,False,4408
1,GBM,2022,0.6385858918751988,0.6891837220371251,0.7394624778848377,-0.050278755847712575,False,4391
1,GBM,2023,0.6321203833063416,0.7232435353464837,0.7394624778848377,-0.016218942538353986,False,4380
2,LogReg,2011,0.5632826161648795,0.7115507703561468,0.7279660656848799,-0.016415295328733093,True,4655
2,LogReg,2012,0.526377227466492,0.7368776599337973,0.7279660656848799,0.00891159424891741,True,4687
2,LogReg,2013,0.5237102534974876,0.7536448952507346,0.7279660656848799,0.025678829565854766,True,4660
2,LogReg,2014,0.49869632162131305,0.7367034284344282,0.7279660656848799,0.008737362749548283,True,4648
2,LogReg,2015,0.5291732634528944,0.7156803939234991,0.7279660656848799,-0.012285671761380734,True,4623
2,LogReg,2016,0.5050951731892168,0.7307170785952577,0.7279660656848799,0.002751012910377826,True,4578
2,LogReg,2017,0.5116138341944794,0.7316577848541468,0.7279660656848799,0.003691719169266916,True,4531
2,LogReg,2018,0.5340199589883801,0.718393650366325,0.7279660656848799,-0.009572415318554905,True,4507
2,LogReg,2019,0.55800733861218,0.7160642125948989,0.7279660656848799,-0.01190185308998093,False,4462
2,LogReg,2020,0.760847335058361,0.7468154626214062,0.7279660656848799,0.01884939693652632,False,4435
2,LogReg,2021,0.6424763155125959,0.6786785473814916,0.7279660656848799,-0.04928751830338829,False,4408
2,LogReg,2022,0.6081610994086277,0.6762363936694384,0.7279660656848799,-0.05172967201544143,False,4391
2,LogReg,2023,0.5917385914709733,0.7226575447464368,0.7279660656848799,-0.005308520938443029,False,4380
2,RF,2011,0.5575155254021733,0.7260983861381611,0.7330164575557551,-0.0069180714175939295,True,4655
2,RF,2012,0.5154092552597733,0.7439032628521246,0.7330164575557551,0.01088680529636954,True,4687
2,RF,2013,0.5401502358949167,0.7602616361740451,0.7330164575557551,0.02724517861829001,True,4660
2,RF,2014,0.4761023153533714,0.7275833133541117,0.7330164575557551,-0.005433144201643314,True,4648
2,RF,2015,0.5114618998224393,0.7106158066321498,0.7330164575557551,-0.022400650923605214,True,4623
2,RF,2016,0.47884285949159644,0.735906541832574,0.7330164575557551,0.002890084276818916,True,4578
2,RF,2017,0.5090542116048492,0.7440680882413526,0.7330164575557551,0.011051630685597558,True,4531
2,RF,2018,0.5244123034859877,0.7249004865103936,0.7330164575557551,-0.008115971045361436,True,4507
2,RF,2019,0.5698889277558988,0.7275311237204107,0.7330164575557551,-0.00548533383534433,False,4462
2,RF,2020,0.7830052767765334,0.747043422997748,0.7330164575557551,0.014026965441992889,False,4435
2,RF,2021,0.6965789582027694,0.6750933463916263,0.7330164575557551,-0.05792311116412874,False,4408
2,RF,2022,0.6404129004899679,0.6825660139392826,0.7330164575557551,-0.05045044361647244,False,4391
2,RF,2023,0.6164029102030886,0.7095391738481935,0.7330164575557551,-0.023477283707561525,False,4380
2,GBM,2011,0.5770365071306595,0.7265921455675948,0.7409794362008271,-0.014387290633232297,True,4655
2,GBM,2012,0.5406765411277472,0.7512541251648189,0.7409794362008271,0.010274688963991863,True,4687
2,GBM,2013,0.5476906859885583,0.7696499668214997,0.7409794362008271,0.028670530620672596,True,4660
2,GBM,2014,0.5076657317209892,0.7424502517381923,0.7409794362008271,0.0014708155373652776,True,4648
2,GBM,2015,0.5314467174651702,0.7309820731679771,0.7409794362008271,-0.009997363032849926,True,4623
2,GBM,2016,0.5139177198741984,0.7432997333524649,0.7409794362008271,0.00232029715163784,True,4578
2,GBM,2017,0.5286105076052563,0.7406219934519351,0.7409794362008271,-0.00035744274889193406,True,4531
2,GBM,2018,0.5610930963773069,0.7325815337576678,0.7409794362008271,-0.0083979024431593,True,4507
2,GBM,2019,0.5824040119680636,0.7265683035925967,0.7409794362008271,-0.014411132608230348,False,4462
2,GBM,2020,0.7832131840318188,0.74291768558047,0.7409794362008271,0.0019382493796429312,False,4435
2,GBM,2021,0.6903693567791842,0.6750802298026392,0.7409794362008271,-0.06589920639818792,False,4408
2,GBM,2022,0.6512401303508133,0.6950781908109914,0.7409794362008271,-0.04590124538983564,False,4391
2,GBM,2023,0.6180981150874103,0.7335295305767319,0.7409794362008271,-0.007449905624095199,False,4380
3,LogReg,2011,0.5763735649340723,0.7142277376831152,0.7365733561538655,-0.02234561847075034,True,4655
3,LogReg,2012,0.5237519530361179,0.7569852835896276,0.7365733561538655,0.020411927435762034,True,4687
3,LogReg,2013,0.5302155563335156,0.7575936060122571,0.7365733561538655,0.02102024985839157,True,4660
3,LogReg,2014,0.48391871078063703,0.7328140229044834,0.7365733561538655,-0.0037593332493821574,True,4648
3,LogReg,2015,0.5335377902018777,0.7248454554235487,0.7365733561538655,-0.01172790073031682,True,4623
3,LogReg,2016,0.5143628864667713,0.7353823851968003,0.7365733561538655,-0.0011909709570652183,True,4578
3,LogReg,2017,0.5100137549795515,0.7355908680535547,0.7365733561538655,-0.0009824881003108743,True,4531
3,LogReg,2018,0.5203220162921656,0.7422258238270203,0.7365733561538655,0.0056524676731547485,True,4507
3,LogReg,2019,0.5699124274877286,0.7222341981676803,0.7365733561538655,-0.014339157986185236,False,4462
3,LogReg,2020,0.7627234793573602,0.7348646084414585,0.7365733561538655,-0.0017087477124070327,False,4435
3,LogReg,2021,0.6701010295083019,0.6606767039015703,0.7365733561538655,-0.07589665225229525,False,4408
3,LogReg,2022,0.6172927635028237,0.6618102899736389,0.7365733561538655,-0.07476306618022666,False,4391
3,LogReg,2023,0.6383306302131604,0.7124186007361325,0.7365733561538655,-0.024154755417733043,False,4380
3,RF,2011,0.5655090733200585,0.7245227757241487,0.7384836792361952,-0.013960903512046485,True,4655
3,RF,2012,0.5302489267782109,0.7570191263872292,0.7384836792361952,0.018535447151034057,True,4687
3,RF,2013,0.5333309789807497,0.7621987285587184,0.7384836792361952,0.02371504932252322,True,4660
3,RF,2014,0.49816294677535683,0.7348750203053932,0.7384836792361952,-0.003608658930801978,True,4648
3,RF,2015,0.5086738174572472,0.7226383656911041,0.7384836792361952,-0.01584531354509111,True,4623
3,RF,2016,0.48634961194283044,0.7306379521482594,0.7384836792361952,-0.007845727087935739,True,4578
3,RF,2017,0.5182943392469284,0.7392021552469313,0.7384836792361952,0.0007184760107361576,True,4531
3,RF,2018,0.5397780329123611,0.7437070773137373,0.7384836792361952,0.00522339807754213,True,4507
3,RF,2019,0.5920336903168228,0.7305976852208278,0.7384836792361952,-0.007885994015367381,False,4462
3,RF,2020,0.8007083319680419,0.7447561413405815,0.7384836792361952,0.006272462104386367,False,4435
3,RF,2021,0.7099009833050853,0.6743796109993293,0.7384836792361952,-0.06410406823686587,False,4408
3,RF,2022,0.6574270283474892,0.6774611398963731,0.7384836792361952,-0.061022539339822046,False,4391
3,RF,2023,0.6550689295644115,0.7053608094906505,0.7384836792361952,-0.03312286974554468,False,4380
3,GBM,2011,0.5953167942337817,0.7323986876332415,0.750529897164524,-0.018131209531282555,True,4655
3,GBM,2012,0.553379700559744,0.7757211770004347,0.750529897164524,0.02519127983591074,True,4687
3,GBM,2013,0.5465706295538808,0.7735835458200995,0.750529897164524,0.023053648655575465,True,4660
3,GBM,2014,0.5143517532514967,0.7489174687296947,0.750529897164524,-0.0016124284348293383,True,4648
3,GBM,2015,0.5339347963543032,0.7333357480923404,0.750529897164524,-0.01719414907218364,True,4623
3,GBM,2016,0.522205670299843,0.7492852557801313,0.750529897164524,-0.0012446413843927306,True,4578
3,GBM,2017,0.5313475009983453,0.748225570986765,0.750529897164524,-0.0023043261777589974,True,4531
3,GBM,2018,0.5650940353179159,0.7513009060654444,0.750529897164524,0.0007710089009204113,True,4507
3,GBM,2019,0.592918618920125,0.7379064336489849,0.750529897164524,-0.012623463515539113,False,4462
3,GBM,2020,0.7971858803643238,0.7290021283142726,0.750529897164524,-0.021527768850251428,False,4435
3,GBM,2021,0.7013270844626818,0.678308355882421,0.750529897164524,-0.07222154128210301,False,4408
3,GBM,2022,0.6531868887821101,0.6849786383056086,0.750529897164524,-0.06555125885891544,False,4391
3,GBM,2023,0.654199779888786,0.7208269884631768,0.750529897164524,-0.029702908701347175,False,4380
4,LogReg,2011,0.5644168472066781,0.706419373438401,0.7284625653091863,-0.022043191870785295,True,4655
4,LogReg,2012,0.5336600255443352,0.7423295071598179,0.7284625653091863,0.013866941850631642,True,4687
4,LogReg,2013,0.5629271041442548,0.7474266312149696,0.7284625653091863,0.018964065905783256,True,4660
4,LogReg,2014,0.5053561130334487,0.7333632091912814,0.7284625653091863,0.0049006438820951015,True,4648
4,LogReg,2015,0.5238120768199345,0.7179660280435474,0.7284625653091863,-0.010496537265638928,True,4623
4,LogReg,2016,0.5048411937719385,0.7367474325072259,0.7284625653091863,0.008284867198039558,True,4578
4,LogReg,2017,0.5188341812369647,0.7409050902156374,0.7284625653091863,0.012442524906451147,True,4531
4,LogReg,2018,0.5414926003349512,0.7102562583028382,0.7284625653091863,-0.018206307006348066,True,4507
4,LogReg,2019,0.589367269944109,0.7029795480499705,0.7284625653091863,-0.025483017259215757,False,4462
4,LogReg,2020,0.737299149471895,0.7426635069764843,0.7284625653091863,0.014200941667298017,False,4435
4,LogReg,2021,0.661489994028676,0.6401298926435444,0.7284625653091863,-0.08833267266564193,False,4408
4,LogReg,2022,0.5947496110182677,0.6532762015389917,0.7284625653091863,-0.07518636377019461,False,4391
4,LogReg,2023,0.6248789878956031,0.7020131211404476,0.7284625653091863,-0.026449444168738734,False,4380
4,RF,2011,0.5730617190147136,0.7101503940034596,0.7299291749355326,-0.01977878093207297,True,4655
4,RF,2012,0.540878526767913,0.7368235501498325,0.7299291749355326,0.006894375214299919,True,4687
4,RF,2013,0.5364023359459045,0.7581320450885668,0.7299291749355326,0.028202870153034243,True,4660
4,RF,2014,0.47763480392156865,0.7432170009355862,0.7299291749355326,0.013287826000053626,True,4648
4,RF,2015,0.4925914860126756,0.7202189269372732,0.7299291749355326,-0.00971024799825937,True,4623
4,RF,2016,0.45444331578785363,0.7408267224237952,0.7299291749355326,0.01089754748826266,True,4578
4,RF,2017,0.5091022400682654,0.7349038118988243,0.7299291749355326,0.004974636963291701,True,4531
4,RF,2018,0.5373035224571547,0.7036683111842008,0.7299291749355326,-0.026260863751331742,True,4507
4,RF,2019,0.5867883300038994,0.7357537780072991,0.7299291749355326,0.0058246030717665764,False,4462
4,RF,2020,0.778820313223983,0.7432122584794341,0.7299291749355326,0.013283083543901508,False,4435
4,RF,2021,0.6986529059299136,0.6728661820973514,0.7299291749355326,-0.05706299283818117,False,4408
4,RF,2022,0.624539272748228,0.6802892899575126,0.7299291749355326,-0.049639884978019966,False,4391
4,RF,2023,0.6273348601184079,0.6964398471697508,0.7299291749355326,-0.03348932776578173,False,4380
4,GBM,2011,0.5849293583727784,0.7171079185085527,0.7396484296086797,-0.022540511100127003,True,4655
4,GBM,2012,0.5504902913309165,0.7487596043176658,0.7396484296086797,0.009111174708986036,True,4687
4,GBM,2013,0.5611052200194662,0.7657441735635198,0.7396484296086797,0.026095743954840045,True,4660
4,GBM,2014,0.5023492853023562,0.7516438273594721,0.7396484296086797,0.011995397750792391,True,4648
4,GBM,2015,0.5229321433627876,0.7333185899077372,0.7396484296086797,-0.0063298397009424745,True,4623
4,GBM,2016,0.48987658723967037,0.7462435684562244,0.7396484296086797,0.0065951388475447015,True,4578
4,GBM,2017,0.5375657585542972,0.7461323057901464,0.7396484296086797,0.00648387618146673,True,4531
4,GBM,2018,0.5595820985972961,0.7171775535702822,0.7396484296086797,-0.02247087603839748,True,4507
4,GBM,2019,0.6012726229040882,0.72758550927565,0.7396484296086797,-0.012062920333029692,False,4462
4,GBM,2020,0.7755884533407469,0.749019587282946,0.7396484296086797,0.009371157674266328,False,4435
4,GBM,2021,0.693928753640563,0.6616135662898253,0.7396484296086797,-0.07803486331885445,False,4408
4,GBM,2022,0.6225004322019247,0.6740342742567124,0.7396484296086797,-0.06561415535196735,False,4391
4,GBM,2023,0.6385815266730666,0.7111890899750635,0.7396484296086797,-0.028459339633616243,False,4380
